date,open,high,low,close,adjclose,volume
2021-09-15,400.20001220703125,427.1199951171875,400.20001220703125,425.239990234375,417.3951416015625,69305.0
2021-09-16,440.0,440.0,418.0,427.57000732421875,419.6821594238281,55130.0
2021-09-17,432.1700134277344,435.6000061035156,406.20001220703125,408.2200012207031,400.6891784667969,52180.0
2021-09-20,400.20001220703125,427.0,400.0,401.4599914550781,394.0538635253906,37310.0
2021-09-21,407.79998779296875,409.989990234375,398.0,404.8299865722656,397.3616638183594,31690.0
2021-09-22,404.8299865722656,412.94000244140625,401.4200134277344,406.55999755859375,399.0597229003906,12855.0
2021-09-23,406.55999755859375,414.0,405.79998779296875,409.3800048828125,401.8277587890625,20000.0
2021-09-24,417.57000732421875,418.0,404.0,406.0400085449219,398.5493469238281,26850.0
2021-09-27,406.20001220703125,418.0,402.0,404.1000061035156,396.6451721191406,31125.0
2021-09-28,408.5899963378906,408.5899963378906,394.0,405.5799865722656,398.09783935546875,18200.0
2021-09-29,408.0,408.0,396.010009765625,404.3699951171875,396.91015625,10370.0
2021-09-30,404.0,408.0,395.0,406.2900085449219,398.7947692871094,10105.0
2021-10-01,406.20001220703125,406.20001220703125,399.0,402.3900146484375,394.9667053222656,13390.0
2021-10-04,400.0,413.989990234375,396.0,405.6199951171875,398.1370849609375,37925.0
2021-10-05,405.6199951171875,425.8999938964844,405.6199951171875,419.3800048828125,411.64324951171875,34225.0
2021-10-06,425.79998779296875,440.3399963378906,420.0,440.3399963378906,432.2165832519531,133995.0
2021-10-07,462.3500061035156,462.3500061035156,449.0,462.3500061035156,453.8205871582031,78140.0
2021-10-08,485.4599914550781,485.4599914550781,450.0,467.739990234375,459.1111145019531,56260.0
2021-10-11,468.0,468.0,444.3599853515625,446.4100036621094,438.1746520996094,45585.0
2021-10-12,440.0,454.9800109863281,424.4100036621094,449.8800048828125,441.58056640625,32370.0
2021-10-13,458.8900146484375,458.8900146484375,448.0,451.8699951171875,443.5339050292969,19080.0
2021-10-14,451.8699951171875,460.0,448.3999938964844,455.4200134277344,447.0184020996094,27585.0
2021-10-18,455.4200134277344,465.79998779296875,433.0,462.260009765625,453.7322082519531,29850.0
2021-10-19,473.9800109863281,473.9800109863281,452.0,463.67999267578125,455.1260070800781,34325.0
2021-10-20,462.3599853515625,463.0,440.5,444.4800109863281,436.28021240234375,44505.0
2021-10-21,441.0,466.70001220703125,426.0400085449219,466.70001220703125,458.0903015136719,43360.0
2021-10-22,490.0299987792969,490.0299987792969,490.0299987792969,490.0299987792969,480.9898986816406,27760.0
2021-10-25,513.0,514.530029296875,468.0,480.5899963378906,471.7240295410156,134555.0
2021-10-26,493.79998779296875,504.6099853515625,480.5899963378906,504.6099853515625,495.3009033203125,72325.0
2021-10-27,510.0,529.5999755859375,510.0,518.4000244140625,508.8365783691406,57980.0
2021-10-28,527.9000244140625,529.5999755859375,492.4800109863281,492.4800109863281,483.39471435546875,53170.0
2021-10-29,506.0,506.0,468.0,474.9599914550781,466.1979064941406,43505.0
2021-11-01,497.94000244140625,497.94000244140625,454.2099914550781,464.8399963378906,456.2646179199219,21645.0
2021-11-02,468.0,477.3999938964844,462.0,464.54998779296875,455.9799499511719,30085.0
2021-11-03,462.0,469.0,450.44000244140625,458.6700134277344,450.20843505859375,21625.0
2021-11-04,465.9800109863281,477.5799865722656,453.0,458.17999267578125,449.7274475097656,18595.0
2021-11-08,450.79998779296875,472.29998779296875,445.0,452.4700012207031,444.122802734375,37540.0
2021-11-09,457.0,457.989990234375,446.0,454.7200012207031,446.331298828125,31185.0
2021-11-10,454.7200012207031,457.6000061035156,446.6000061035156,451.3900146484375,443.062744140625,11445.0
2021-11-11,445.0,457.20001220703125,445.0,453.2799987792969,444.9178771972656,16855.0
2021-11-12,456.6000061035156,475.0,453.2799987792969,474.2799987792969,465.53045654296875,31730.0
2021-11-15,477.20001220703125,484.989990234375,456.0,461.760009765625,453.2414855957031,35055.0
2021-11-16,456.5799865722656,475.0,452.0,465.80999755859375,457.21673583984375,11495.0
2021-11-17,471.6000061035156,471.6000061035156,454.0,454.8599853515625,446.46868896484375,13875.0
2021-11-18,463.3999938964844,463.3999938964844,440.0,446.8699951171875,438.6261291503906,23820.0
2021-11-22,457.9800109863281,457.9800109863281,424.5299987792969,430.739990234375,422.7936706542969,22600.0
2021-11-23,430.20001220703125,452.0,415.0,449.239990234375,440.952392578125,16875.0
2021-11-24,458.7799987792969,458.7799987792969,436.1600036621094,440.510009765625,432.3834533691406,16750.0
2021-11-25,430.1199951171875,449.9800109863281,423.0,433.1700134277344,425.1789245605469,17030.0
2021-11-26,411.5199890136719,432.0,411.5199890136719,413.1199951171875,405.498779296875,30960.0
2021-11-29,393.0,407.0,392.4700012207031,404.0400085449219,396.5863037109375,49990.0
2021-11-30,404.0,415.0,396.0,409.17999267578125,401.6314392089844,25525.0
2021-12-01,409.17999267578125,417.9800109863281,393.04998779296875,398.8299865722656,391.4723815917969,27620.0
2021-12-02,393.3999938964844,418.7699890136719,393.3999938964844,411.25,403.6632385253906,26405.0
2021-12-03,414.0,431.80999755859375,406.0,421.25,413.478759765625,24160.0
2021-12-06,414.0,421.6000061035156,405.8999938964844,412.6199951171875,405.00799560546875,11605.0
2021-12-07,421.0,428.8800048828125,402.79998779296875,416.7200012207031,409.03228759765625,25275.0
2021-12-08,416.79998779296875,422.8999938964844,400.2099914550781,413.67999267578125,406.0483703613281,21565.0
2021-12-09,428.9800109863281,428.9800109863281,410.0,419.30999755859375,411.57452392578125,14200.0
2021-12-10,423.7799987792969,423.7799987792969,410.0,416.6300048828125,408.9440002441406,9905.0
2021-12-13,418.0,423.9800109863281,410.0,413.5799865722656,405.9502868652344,10845.0
2021-12-14,417.0,420.0,404.4200134277344,416.0799865722656,408.4041442871094,20660.0
2021-12-15,416.0,436.8800048828125,408.2099914550781,436.8800048828125,428.8204040527344,40345.0
2021-12-16,449.79998779296875,458.7200012207031,439.1499938964844,453.7099914550781,445.3399353027344,47400.0
2021-12-17,453.7099914550781,462.20001220703125,431.20001220703125,437.6700134277344,429.5958557128906,22200.0
2021-12-20,421.20001220703125,435.989990234375,415.7900085449219,415.7900085449219,408.1195068359375,28600.0
2021-12-21,415.7900085449219,432.0,403.20001220703125,419.4700012207031,411.73162841796875,16700.0
2021-12-22,412.0,420.0,398.5,401.5199890136719,394.1127624511719,61205.0
2021-12-23,414.7799987792969,414.7799987792969,392.6000061035156,411.19000244140625,403.6043701171875,28040.0
2021-12-24,417.0,417.0,390.6400146484375,399.2099914550781,391.8453369140625,34375.0
2021-12-27,394.44000244140625,404.0,384.0,395.239990234375,387.9485778808594,36010.0
2021-12-28,396.79998779296875,408.0,383.0,400.6600036621094,393.26861572265625,34720.0
2021-12-29,399.79998779296875,420.69000244140625,399.79998779296875,402.0199890136719,394.603515625,21370.0
2021-12-30,400.3999938964844,409.0,390.0299987792969,400.0,392.62078857421875,22825.0
2021-12-31,405.79998779296875,405.79998779296875,396.0,400.8299865722656,393.43548583984375,16840.0
2022-01-03,400.8299865722656,415.79998779296875,396.0,413.2900085449219,405.6656188964844,32960.0
2022-01-04,415.94000244140625,433.95001220703125,415.94000244140625,433.95001220703125,425.9444885253906,34800.0
2022-01-05,455.6400146484375,455.6400146484375,455.6400146484375,455.6400146484375,447.2343444824219,19905.0
2022-01-06,473.8999938964844,478.4200134277344,472.0,478.4200134277344,469.5941467285156,66165.0
2022-01-07,502.3399963378906,502.3399963378906,478.3999938964844,502.3399963378906,493.0728454589844,110270.0
2022-01-10,527.4000244140625,527.4500122070312,509.0,525.3300170898438,515.638671875,98920.0
2022-01-11,537.2000122070312,551.5900268554688,510.0,551.239990234375,541.0706176757812,115065.0
2022-01-12,566.989990234375,578.7999877929688,561.0,578.7999877929688,568.1222534179688,81575.0
2022-01-13,607.739990234375,607.739990234375,550.2100219726562,600.0499877929688,588.980224609375,82150.0
2022-01-14,609.97998046875,609.97998046875,570.0499877929688,570.0499877929688,559.5337524414062,39910.0
2022-01-17,579.5999755859375,583.97998046875,541.5999755859375,558.8300170898438,548.520751953125,109045.0
2022-01-18,557.2000122070312,585.97998046875,532.2100219726562,542.8300170898438,532.81591796875,194160.0
2022-01-19,526.2000122070312,559.8800048828125,526.2000122070312,541.72998046875,531.7360229492188,111275.0
2022-01-20,554.0,558.7899780273438,534.0,545.010009765625,534.9556274414062,63725.0
2022-01-21,545.7999877929688,546.0,520.0,525.9299926757812,516.2276000976562,64005.0
2022-01-24,530.0,530.0,499.6400146484375,499.6400146484375,490.42266845703125,78535.0
2022-01-25,475.0,475.0,474.6600036621094,474.6600036621094,465.9034729003906,58575.0
2022-01-27,460.010009765625,498.3900146484375,453.1000061035156,498.3900146484375,489.19573974609375,40665.0
2022-01-28,523.2999877929688,523.2999877929688,514.0,522.4400024414062,512.8019409179688,159065.0
2022-01-31,548.5599975585938,548.5599975585938,532.8900146484375,546.1699829101562,536.09423828125,173545.0
2022-02-01,557.0,559.5999755859375,519.0599975585938,525.0900268554688,515.4031372070312,109035.0
2022-02-02,530.0,530.0,509.0,522.3499755859375,512.7136840820312,76150.0
2022-02-03,515.2000122070312,525.0,510.0,519.9000244140625,510.30889892578125,15735.0
2022-02-04,515.0,515.0,500.20001220703125,507.4100036621094,498.0492858886719,36525.0
2022-02-07,513.5999755859375,513.5999755859375,490.260009765625,495.1400146484375,486.0056457519531,37240.0
2022-02-08,497.5899963378906,500.0,480.0,488.760009765625,479.74334716796875,39295.0
2022-02-09,488.760009765625,500.0,476.0,486.8599853515625,477.87835693359375,19615.0
2022-02-10,492.0,492.0,470.29998779296875,483.260009765625,474.3448181152344,31555.0
2022-02-11,471.20001220703125,507.0,471.20001220703125,501.4800109863281,492.22869873046875,44715.0
2022-02-14,489.989990234375,500.0,476.4100036621094,480.05999755859375,471.203857421875,25090.0
2022-02-15,477.20001220703125,486.0,458.2200012207031,480.94000244140625,472.067626953125,27735.0
2022-02-16,490.79998779296875,492.0,478.0,488.70001220703125,479.6844787597656,22365.0
2022-02-17,488.70001220703125,493.7900085449219,473.79998779296875,480.2200012207031,471.36090087890625,8175.0
2022-02-18,467.0,487.0,467.0,485.5199890136719,476.5631103515625,20780.0
2022-02-21,475.20001220703125,483.6000061035156,464.6000061035156,472.510009765625,463.79315185546875,16690.0
2022-02-22,456.0,459.989990234375,448.8900146484375,456.30999755859375,447.8919677734375,23180.0
2022-02-23,456.30999755859375,472.0,456.30999755859375,468.0299987792969,459.3957824707031,11475.0
2022-02-24,462.79998779296875,462.79998779296875,444.6300048828125,445.2300109863281,437.01641845703125,31505.0
2022-02-25,423.010009765625,464.0,423.010009765625,454.7900085449219,446.4000244140625,17355.0
2022-02-28,454.7900085449219,476.79998779296875,440.3999938964844,469.3900146484375,460.7306823730469,17955.0
2022-03-02,469.3999938964844,475.9599914550781,454.010009765625,462.2300109863281,453.7027587890625,11260.0
2022-03-03,462.6000061035156,472.0,460.2200012207031,470.5199890136719,461.83984375,8160.0
2022-03-04,467.79998779296875,467.79998779296875,450.0,456.3399963378906,447.92144775390625,19300.0
2022-03-07,450.20001220703125,470.0899963378906,435.0,452.44000244140625,444.0933837890625,27900.0
2022-03-08,469.0,469.989990234375,453.0,458.6300048828125,450.169189453125,25485.0
2022-03-09,464.0,468.20001220703125,438.0,462.92999267578125,454.38983154296875,20125.0
2022-03-10,477.79998779296875,477.79998779296875,464.0400085449219,474.20001220703125,465.45196533203125,37145.0
2022-03-11,480.79998779296875,497.9100036621094,460.6000061035156,497.05999755859375,487.8902587890625,72200.0
2022-03-14,509.79998779296875,521.9099731445312,494.0,521.9000244140625,512.27197265625,347150.0
2022-03-15,538.0,547.9500122070312,537.9000244140625,547.9500122070312,537.8413696289062,19013.0
2022-03-16,575.2999877929688,575.2999877929688,566.0499877929688,575.2999877929688,564.6868896484375,27669.0
2022-03-17,600.0,603.9000244140625,546.5499877929688,555.75,545.49755859375,68131.0
2022-03-21,551.0,551.0,528.0,528.0,518.259521484375,20728.0
2022-03-22,501.6000061035156,524.0,501.6000061035156,510.25,500.8369140625,37585.0
2022-03-23,505.1000061035156,535.75,505.0,535.75,525.866455078125,28258.0
2022-03-24,543.9000244140625,560.6500244140625,540.0,559.2999877929688,548.9819946289062,44129.0
2022-03-25,570.0,573.0,532.0,540.7000122070312,530.7251586914062,18255.0
2022-03-28,556.9500122070312,556.9500122070312,515.0999755859375,539.0,529.0565185546875,27143.0
2022-03-29,528.0999755859375,541.9500122070312,522.2999877929688,530.3499755859375,520.5661010742188,37856.0
2022-03-30,539.9500122070312,545.0,517.9500122070312,526.7999877929688,517.08154296875,33339.0
2022-03-31,539.9500122070312,540.0,500.5,515.7000122070312,506.1864013671875,30226.0
2022-04-01,529.0,541.4500122070312,516.2999877929688,538.9500122070312,529.0074462890625,35517.0
2022-04-04,555.0,555.0,536.0,541.9000244140625,531.903076171875,27574.0
2022-04-05,549.9500122070312,551.0,530.0,537.0999755859375,527.1915283203125,44951.0
2022-04-06,542.9500122070312,542.9500122070312,529.1500244140625,536.7999877929688,526.8970947265625,20518.0
2022-04-07,536.7999877929688,563.5999755859375,526.0,556.5499877929688,546.2827758789062,35095.0
2022-04-08,577.2000122070312,584.3499755859375,565.2000122070312,584.3499755859375,573.5698852539062,104109.0
2022-04-11,607.0,613.5499877929688,604.9500122070312,613.5499877929688,602.231201171875,114592.0
2022-04-12,634.0,637.9500122070312,585.0499877929688,594.4000244140625,583.4344482421875,92500.0
2022-04-13,609.7999877929688,616.0499877929688,585.2999877929688,593.6500244140625,582.6983642578125,48317.0
2022-04-18,593.6500244140625,594.0,567.3499755859375,587.9000244140625,577.0543823242188,58397.0
2022-04-19,592.0,608.7000122070312,566.2999877929688,586.9000244140625,576.0728759765625,48699.0
2022-04-20,587.0,605.0,581.0,587.7000122070312,576.8580322265625,27588.0
2022-04-21,599.9000244140625,605.0,590.2000122070312,600.0,588.93115234375,30392.0
2022-04-22,610.0,630.0,605.0,630.0,618.3777465820312,146917.0
2022-04-25,652.0,661.5,651.7999877929688,661.5,649.2965698242188,76380.0
2022-04-26,694.5499877929688,694.5499877929688,694.5499877929688,694.5499877929688,681.7369384765625,46869.0
2022-04-27,729.25,729.25,661.0,727.0999755859375,713.6864013671875,189825.0
2022-04-28,760.0,763.4500122070312,725.0,763.3499755859375,749.2677001953125,122011.0
2022-04-29,801.0,801.5,751.0999755859375,764.7999877929688,750.6909790039062,61954.0
2022-05-02,749.5,749.5499877929688,726.5999755859375,726.5999755859375,713.1956787109375,36181.0
2022-05-04,692.0,720.0,690.2999877929688,690.2999877929688,677.5653076171875,20169.0
2022-05-05,655.7999877929688,690.0,655.7999877929688,656.5,644.3887939453125,75582.0
2022-05-06,623.7000122070312,689.2999877929688,623.7000122070312,689.2999877929688,676.5836791992188,49528.0
2022-05-09,698.0,722.0,656.0,702.2999877929688,689.3438720703125,49576.0
2022-05-10,681.0,685.0,667.2000122070312,668.4500122070312,656.118408203125,31489.0
2022-05-11,660.0,674.0,635.0499877929688,636.7999877929688,625.0523681640625,30938.0
2022-05-12,605.0,629.4000244140625,605.0,618.5,607.0899047851562,28332.0
2022-05-13,588.1500244140625,649.4000244140625,588.1500244140625,630.2999877929688,618.672119140625,21045.0
2022-05-16,630.2999877929688,630.2999877929688,599.9500122070312,604.4500122070312,593.2991333007812,56230.0
2022-05-17,604.4500122070312,634.6500244140625,602.0,634.6500244140625,622.9420166015625,20378.0
2022-05-18,650.0,666.3499755859375,643.0,666.3499755859375,654.05712890625,20226.0
2022-05-19,655.5,655.5,633.0499877929688,633.0499877929688,621.3715209960938,48220.0
2022-05-20,642.7000122070312,664.7000122070312,632.4500122070312,664.7000122070312,652.4376220703125,41691.0
2022-05-23,689.4000244140625,697.9000244140625,675.0499877929688,680.9500122070312,668.387939453125,85215.0
2022-05-24,689.9000244140625,712.7000122070312,665.0,668.2000122070312,655.873046875,62568.0
2022-05-25,684.0,684.0,634.7999877929688,635.5499877929688,623.8253784179688,35771.0
2022-05-26,643.7000122070312,667.2999877929688,603.7999877929688,667.25,654.9404907226562,82573.0
2022-05-27,675.0,700.5999755859375,661.1500244140625,700.4000244140625,687.4791259765625,95156.0
2022-05-30,731.9500122070312,735.0,714.5,715.2000122070312,702.0059814453125,89416.0
2022-05-31,730.0,730.0,688.0,696.7000122070312,683.8472900390625,81322.0
2022-06-01,710.0,717.5999755859375,697.0,707.5999755859375,694.5460815429688,18913.0
2022-06-02,714.9500122070312,727.4000244140625,698.4500122070312,716.4500122070312,703.2329711914062,33053.0
2022-06-03,724.7000122070312,734.4000244140625,690.0,694.0,681.1971435546875,34783.0
2022-06-06,714.9500122070312,723.9500122070312,671.5499877929688,713.9000244140625,700.7300415039062,31284.0
2022-06-07,710.0,713.9500122070312,694.9000244140625,699.4500122070312,686.5465698242188,51966.0
2022-06-08,705.0,710.0,695.0,707.5,694.4481201171875,19100.0
2022-06-09,712.0,714.9500122070312,701.2999877929688,713.7999877929688,700.6317138671875,18725.0
2022-06-10,709.0,719.0,700.25,713.7999877929688,700.6317138671875,21132.0
2022-06-13,682.0,700.0,657.0,672.75,662.1945190429688,70528.0
2022-06-14,650.0,673.9500122070312,622.75,638.0,627.98974609375,51513.0
2022-06-15,649.8499755859375,650.4500122070312,634.0,644.3499755859375,634.2401123046875,29284.0
2022-06-16,652.0,660.0,613.5,620.0,610.2720947265625,51790.0
2022-06-17,620.0,620.0,539.4000244140625,586.9000244140625,577.6915283203125,109153.0
2022-06-20,584.0,605.75,562.0,591.4000244140625,582.1209106445312,49179.0
2022-06-21,586.0,597.4500122070312,573.1500244140625,579.5,570.4075927734375,64632.0
2022-06-22,598.7999877929688,599.0,570.0,581.2999877929688,572.1792602539062,31088.0
2022-06-23,589.0,591.9500122070312,566.0499877929688,572.8499755859375,563.8619384765625,45844.0
2022-06-24,584.75,599.9500122070312,571.2999877929688,594.6500244140625,585.3199462890625,38967.0
2022-06-27,614.5,620.0,595.5,603.9500122070312,594.4739379882812,38829.0
2022-06-28,603.9500122070312,618.75,589.3499755859375,616.7999877929688,607.122314453125,46298.0
2022-06-29,610.0,695.9500122070312,602.5499877929688,663.0499877929688,652.6466674804688,216496.0
2022-06-30,675.0,713.5,672.2999877929688,702.5499877929688,691.5269775390625,154260.0
2022-07-01,724.0,734.7000122070312,703.6500244140625,718.5499877929688,707.27587890625,213684.0
2022-07-04,731.7000122070312,743.25,722.7000122070312,737.4000244140625,725.8301391601562,92563.0
2022-07-05,741.75,745.9500122070312,723.4500122070312,732.0999755859375,720.6132202148438,110106.0
2022-07-06,735.0,737.7999877929688,715.0,733.0999755859375,721.5975952148438,39333.0
2022-07-07,738.9000244140625,847.7999877929688,735.0499877929688,789.3499755859375,776.9650268554688,317414.0
2022-07-08,797.5499877929688,802.9500122070312,767.4500122070312,781.5,769.2382202148438,72073.0
2022-07-11,782.0,794.0,743.5999755859375,764.2999877929688,752.3080444335938,79623.0
2022-07-12,764.2999877929688,768.9500122070312,745.0,752.0,740.2010498046875,63092.0
2022-07-13,764.7999877929688,783.5,744.0,760.5499877929688,748.6168823242188,77180.0
2022-07-14,766.7999877929688,776.2000122070312,757.6500244140625,763.0,751.0284423828125,37106.0
2022-07-15,770.6500244140625,832.4000244140625,770.6500244140625,821.2999877929688,808.4137573242188,238855.0
2022-07-18,834.0,866.0,825.0,832.5499877929688,819.4871826171875,165516.0
2022-07-19,837.0,872.3499755859375,833.0499877929688,865.7999877929688,852.2155151367188,119272.0
2022-07-20,880.0,885.4500122070312,800.7999877929688,811.4000244140625,798.6691284179688,164636.0
2022-07-21,828.8499755859375,871.0,786.8499755859375,849.9500122070312,836.6141357421875,402633.0
2022-07-22,864.9500122070312,896.0,851.2000122070312,890.0,876.0358276367188,286727.0
2022-07-25,890.0,907.0,870.0999755859375,877.7000122070312,863.9287719726562,180736.0
2022-07-26,878.0,901.9500122070312,878.0,888.7999877929688,874.8546142578125,154542.0
2022-07-27,886.7999877929688,896.0,871.0,889.0499877929688,875.1007080078125,120747.0
2022-07-28,900.0,915.5,892.0,898.5999755859375,884.5008544921875,175453.0
2022-07-29,907.0,927.0,905.5999755859375,922.4000244140625,907.927490234375,97065.0
2022-08-01,928.0,994.0,925.0,977.5,962.1629028320312,207068.0
2022-08-02,989.0,1015.0,977.5,999.0,983.32568359375,158228.0
2022-08-03,1014.0,1014.0,939.0,945.4000244140625,930.5665893554688,153206.0
2022-08-04,952.9500122070312,965.0,913.7000122070312,921.7999877929688,907.3367919921875,133550.0
2022-08-05,928.5499877929688,960.0,907.9500122070312,952.0999755859375,937.1614379882812,144773.0
2022-08-08,964.0,1004.0,961.0,996.0499877929688,980.421875,152291.0
2022-08-10,1005.8499755859375,1064.949951171875,1000.0,1053.550048828125,1037.019775390625,289848.0
2022-08-11,1087.0,1128.699951171875,1056.25,1093.6500244140625,1076.4906005859375,336502.0
2022-08-12,1093.6500244140625,1101.0999755859375,1068.199951171875,1079.75,1062.80859375,153444.0
2022-08-16,1088.0,1107.550048828125,1070.0,1077.699951171875,1060.790771484375,125223.0
2022-08-17,1075.0,1103.0,1015.0,1023.0999755859375,1007.0474243164062,236525.0
2022-08-18,1035.0,1078.5,1028.8499755859375,1048.1500244140625,1031.704345703125,166102.0
2022-08-19,1078.0,1100.0,1060.0999755859375,1086.5999755859375,1069.5511474609375,199554.0
2022-08-22,1092.0,1096.0,1050.0,1062.550048828125,1045.87841796875,135986.0
2022-08-23,1022.25,1058.5,1022.25,1050.800048828125,1034.31298828125,62126.0
2022-08-24,1057.0,1097.0,1039.949951171875,1091.199951171875,1074.078857421875,107113.0
2022-08-25,1101.0,1141.0,1095.800048828125,1104.800048828125,1087.4656982421875,239108.0
2022-08-26,1135.0,1148.25,1107.0,1135.5,1117.683837890625,153096.0
2022-08-29,1097.0,1125.0,1051.0,1123.4000244140625,1105.773681640625,158681.0
2022-08-30,1144.0,1150.0,1120.0,1128.449951171875,1110.7445068359375,81584.0
2022-09-01,1134.9000244140625,1143.0,1120.0,1125.5999755859375,1107.9390869140625,70227.0
2022-09-02,1136.25,1136.5,1095.0,1101.550048828125,1084.2667236328125,89594.0
2022-09-05,1112.0,1150.0,1095.0999755859375,1144.449951171875,1126.493408203125,159002.0
2022-09-06,1149.949951171875,1164.5,1128.050048828125,1146.0,1128.01904296875,169690.0
2022-09-07,1151.8499755859375,1302.5,1136.0,1281.449951171875,1261.3438720703125,584589.0
2022-09-08,1307.0999755859375,1409.9000244140625,1288.800048828125,1308.0,1287.4774169921875,729484.0
2022-09-09,1310.0,1355.0,1251.449951171875,1276.8499755859375,1256.816162109375,307804.0
2022-09-12,1285.0,1338.9000244140625,1272.449951171875,1323.800048828125,1303.029541015625,342875.0
2022-09-13,1329.8499755859375,1350.0,1273.25,1285.050048828125,1264.887451171875,263437.0
2022-09-14,1270.0,1307.0,1266.25,1281.5999755859375,1261.4915771484375,115639.0
2022-09-15,1291.0,1297.050048828125,1240.0,1244.050048828125,1224.53076171875,127869.0
2022-09-16,1243.9000244140625,1305.4000244140625,1225.050048828125,1291.5999755859375,1271.3345947265625,204612.0
2022-09-19,1324.4000244140625,1325.0,1276.0,1285.449951171875,1265.28125,81368.0
2022-09-20,1294.1500244140625,1310.0,1265.0,1272.0999755859375,1252.1405029296875,124447.0
2022-09-21,1274.9000244140625,1294.0,1242.0,1258.199951171875,1238.458740234375,61589.0
2022-09-22,1248.0,1281.800048828125,1248.0,1262.300048828125,1242.4945068359375,47527.0
2022-09-23,1269.75,1274.949951171875,1200.0,1215.1500244140625,1196.084228515625,84865.0
2022-09-26,1163.0,1193.0,1111.0,1144.949951171875,1126.985595703125,169955.0
2022-09-27,1145.0,1252.75,1129.0,1232.75,1213.4080810546875,166939.0
2022-09-28,1232.0,1247.699951171875,1163.3499755859375,1196.75,1177.972900390625,141872.0
2022-09-29,1258.0,1258.0,1160.0,1169.199951171875,1150.855224609375,95638.0
2022-09-30,1168.949951171875,1259.0,1157.4000244140625,1203.9000244140625,1185.0107421875,93457.0
2022-10-03,1196.4000244140625,1244.699951171875,1190.3499755859375,1219.3499755859375,1200.21826171875,110811.0
2022-10-04,1239.0,1243.25,1211.050048828125,1221.5,1202.33447265625,68391.0
2022-10-06,1240.0,1300.0,1225.1500244140625,1284.6500244140625,1264.4937744140625,159088.0
2022-10-07,1283.0,1299.0,1267.0,1278.4000244140625,1258.341796875,61361.0
2022-10-10,1262.0,1270.0,1230.0,1237.5,1218.0836181640625,50694.0
2022-10-11,1244.0,1250.0,1196.550048828125,1207.949951171875,1188.9971923828125,78416.0
2022-10-12,1215.050048828125,1239.5999755859375,1208.050048828125,1225.300048828125,1206.0750732421875,51929.0
2022-10-13,1222.800048828125,1240.9000244140625,1206.800048828125,1233.550048828125,1214.195556640625,50659.0
2022-10-14,1255.0,1255.0,1200.0,1204.5,1185.6011962890625,47700.0
2022-10-17,1204.5,1205.300048828125,1159.050048828125,1168.75,1150.4122314453125,58922.0
2022-10-18,1184.699951171875,1195.0,1151.0,1158.199951171875,1140.0277099609375,93245.0
2022-10-19,1163.75,1245.0,1159.25,1228.0,1208.7325439453125,114224.0
2022-10-20,1221.9000244140625,1250.0,1210.4000244140625,1234.050048828125,1214.6876220703125,77629.0
2022-10-21,1238.25,1249.0,987.25,996.6500244140625,981.0125122070312,642151.0
2022-10-24,906.0499877929688,945.0,821.5499877929688,897.8499755859375,883.7625732421875,593427.0
2022-10-25,855.2000122070312,944.9500122070312,827.2999877929688,913.6500244140625,899.3147583007812,725697.0
2022-10-27,913.6500244140625,940.4500122070312,876.0,881.7999877929688,867.9644165039062,286473.0
2022-10-28,866.5,884.9000244140625,858.0499877929688,873.75,860.040771484375,182770.0
2022-10-31,851.4000244140625,865.0,835.0,849.9500122070312,836.6141357421875,222442.0
2022-11-01,853.0,920.0,852.0,909.7999877929688,895.525146484375,292068.0
2022-11-02,917.7000122070312,965.0,908.0499877929688,948.0,933.125732421875,195927.0
2022-11-03,949.9500122070312,960.0,912.25,926.3499755859375,911.8154907226562,110400.0
2022-11-04,936.5,947.9000244140625,925.0,942.4500122070312,927.6629028320312,60274.0
2022-11-07,942.25,956.9500122070312,930.0499877929688,945.9500122070312,931.10791015625,68402.0
2022-11-09,952.0,965.0,924.2999877929688,935.6500244140625,920.9696044921875,82167.0
2022-11-10,940.0,947.9500122070312,926.4500122070312,939.0499877929688,924.3162231445312,57486.0
2022-11-11,952.25,961.0,915.0,920.6500244140625,906.2048950195312,84084.0
2022-11-14,913.7000122070312,960.0,905.3499755859375,937.1500244140625,922.4461059570312,93263.0
2022-11-15,949.9000244140625,967.0,945.5999755859375,958.5999755859375,943.5594482421875,63056.0
2022-11-16,962.8499755859375,987.0,962.0,974.7000122070312,959.4068603515625,68947.0
2022-11-17,985.0,985.0,955.0999755859375,960.0499877929688,944.9866943359375,43467.0
2022-11-18,974.0,979.75,941.0,958.7999877929688,943.75634765625,45340.0
2022-11-21,957.5999755859375,968.0,940.0,959.5499877929688,944.49462890625,36136.0
2022-11-22,964.0,968.8499755859375,938.0,943.6500244140625,928.8440551757812,38147.0
2022-11-23,950.0,950.0,927.0499877929688,931.9500122070312,917.3275756835938,36776.0
2022-11-24,937.9500122070312,942.9500122070312,930.0,932.7000122070312,918.0658569335938,33621.0
2022-11-25,934.9000244140625,935.0,911.0,914.7000122070312,900.3483276367188,60911.0
2022-11-28,915.0,920.9500122070312,900.0499877929688,904.0499877929688,889.8653564453125,81608.0
2022-11-29,905.0,920.0,901.0,907.5,893.26123046875,55569.0
2022-11-30,908.0,957.0,906.5,939.0999755859375,924.3654174804688,299361.0
2022-12-01,942.0,945.0,928.0999755859375,937.4000244140625,922.6920776367188,44835.0
2022-12-02,937.0,941.9500122070312,925.0,927.7000122070312,913.1443481445312,33270.0
2022-12-05,932.0,936.0,924.0499877929688,926.7999877929688,912.2584838867188,24687.0
2022-12-06,925.0,926.7999877929688,908.4500122070312,911.2999877929688,897.0015869140625,31113.0
2022-12-07,915.9000244140625,937.9500122070312,910.5499877929688,935.25,920.5758056640625,55922.0
2022-12-08,930.0499877929688,943.0,913.0499877929688,922.0499877929688,907.5829467773438,22553.0
2022-12-09,922.0499877929688,930.4500122070312,907.0499877929688,910.4500122070312,896.1649780273438,31837.0
2022-12-12,911.4000244140625,914.1500244140625,900.0,902.2999877929688,888.1428833007812,64543.0
2022-12-13,906.8499755859375,910.7999877929688,901.0,902.2000122070312,888.0443725585938,39772.0
2022-12-14,906.7000122070312,910.75,901.0,904.7999877929688,890.6035766601562,38022.0
2022-12-15,906.0,910.0,889.0,901.5499877929688,887.4046020507812,24892.0
2022-12-16,895.1500244140625,905.0,891.0999755859375,897.5999755859375,883.5164794921875,42878.0
2022-12-19,895.0,903.0,891.0,894.3499755859375,880.3175048828125,33826.0
2022-12-20,890.0499877929688,907.3499755859375,883.0499877929688,901.25,887.109375,46031.0
2022-12-21,905.7999877929688,910.0,877.0,880.75,866.9309692382812,38830.0
2022-12-22,872.2999877929688,879.9500122070312,825.0,838.2999877929688,825.14697265625,103841.0
2022-12-23,840.4500122070312,852.0,774.0,783.0999755859375,770.8131103515625,133739.0
2022-12-26,783.0499877929688,850.0,780.0,843.25,830.019287109375,106580.0
2022-12-27,867.75,910.0,860.2999877929688,897.7000122070312,883.6150512695312,153050.0
2022-12-28,904.0,930.0,898.0,911.0999755859375,896.8047485351562,101541.0
2022-12-29,910.0,910.0,887.1500244140625,902.1500244140625,887.9951782226562,39628.0
2022-12-30,906.4500122070312,916.0,888.0,892.5,878.4966430664062,43751.0
2023-01-02,909.0,909.0,891.0,892.5999755859375,878.594970703125,24060.0
2023-01-03,892.9000244140625,901.9500122070312,878.0499877929688,883.0999755859375,869.2440795898438,31205.0
2023-01-04,888.9000244140625,888.9000244140625,867.0,869.2999877929688,855.66064453125,27396.0
2023-01-05,872.0,879.0,865.0,873.1500244140625,859.4502563476562,22385.0
2023-01-06,876.9000244140625,888.0,865.75,883.3499755859375,869.4901123046875,35649.0
2023-01-09,887.7999877929688,898.2999877929688,870.0,875.9500122070312,862.2062377929688,27436.0
2023-01-10,875.0,883.2000122070312,854.2000122070312,866.4000244140625,852.80615234375,26605.0
2023-01-11,865.0,874.0,844.0,848.6500244140625,835.3346557617188,29969.0
2023-01-12,850.0,854.7000122070312,826.0999755859375,833.8499755859375,820.766845703125,24624.0
2023-01-13,838.0499877929688,839.5499877929688,822.5,827.9000244140625,814.91015625,36973.0
2023-01-16,832.0499877929688,836.75,820.0,824.4500122070312,811.514404296875,34787.0
2023-01-17,828.5999755859375,840.0,821.1500244140625,838.0999755859375,824.9501342773438,36991.0
2023-01-18,842.2999877929688,850.0499877929688,828.2000122070312,833.2999877929688,820.2254028320312,16163.0
2023-01-19,833.25,844.2999877929688,821.0,836.9000244140625,823.7689819335938,19268.0
2023-01-20,836.9500122070312,839.1500244140625,818.0999755859375,821.9000244140625,809.0043334960938,27621.0
2023-01-23,821.9000244140625,821.9000244140625,777.0,794.0499877929688,781.59130859375,120050.0
2023-01-24,767.5499877929688,785.0,751.0,772.8499755859375,760.723876953125,170305.0
2023-01-25,771.7999877929688,771.7999877929688,751.0,754.2999877929688,742.4649658203125,41046.0
2023-01-27,754.2999877929688,759.75,704.0,734.5,722.9756469726562,82288.0
2023-01-30,738.2000122070312,765.0,734.5,759.25,747.3372802734375,49005.0
2023-01-31,774.9500122070312,798.7999877929688,764.7999877929688,789.3499755859375,776.9650268554688,54200.0
2023-02-01,795.0,803.7000122070312,752.0,771.2999877929688,759.1981811523438,47930.0
2023-02-02,771.2999877929688,794.0999755859375,762.0499877929688,781.4000244140625,769.1397705078125,38188.0
2023-02-03,785.3499755859375,790.0,767.5499877929688,788.0999755859375,775.7345581054688,24496.0
2023-02-06,789.0,796.0,783.6500244140625,789.5499877929688,777.161865234375,19651.0
2023-02-07,790.0,792.0,763.0,773.4000244140625,761.2653198242188,26294.0
2023-02-08,773.0,787.0,768.5499877929688,775.7000122070312,763.5291748046875,22058.0
2023-02-09,790.0,790.0,769.0499877929688,775.6500244140625,763.47998046875,14044.0
2023-02-10,775.0,787.4500122070312,774.2000122070312,778.0499877929688,765.8423461914062,15292.0
2023-02-13,781.9500122070312,799.0,769.1500244140625,796.0499877929688,783.5598754882812,32001.0
2023-02-14,797.9500122070312,805.4000244140625,785.0,789.9500122070312,777.5556030273438,16296.0
2023-02-15,789.9500122070312,789.9500122070312,762.5,765.6500244140625,753.6368408203125,20571.0
2023-02-16,769.5,779.9500122070312,755.0,758.1500244140625,746.2545776367188,36751.0
2023-02-17,761.9500122070312,766.7000122070312,746.0,750.5,738.7245483398438,31530.0
2023-02-20,745.0,759.7000122070312,745.0,749.9500122070312,738.1832275390625,20035.0
2023-02-21,753.7000122070312,773.7999877929688,751.5499877929688,755.75,743.8922119140625,28634.0
2023-02-22,755.75,760.0,745.0,751.1500244140625,739.3643798828125,18507.0
2023-02-23,745.1500244140625,772.0,737.0499877929688,767.6500244140625,755.6055297851562,56565.0
2023-02-24,762.0,775.5,739.0,740.5999755859375,728.9799194335938,39836.0
2023-02-27,741.1500244140625,743.9000244140625,717.2999877929688,725.2000122070312,713.821533203125,35694.0
2023-02-28,727.5,737.9500122070312,715.5499877929688,721.7000122070312,710.37646484375,34433.0
2023-03-01,725.3499755859375,738.7000122070312,720.0,724.5,713.1325073242188,33894.0
2023-03-02,728.1500244140625,739.0,720.0499877929688,723.8499755859375,712.4927368164062,39289.0
2023-03-03,727.4500122070312,735.1500244140625,710.0,713.75,702.5512084960938,66347.0
2023-03-06,714.0,747.9500122070312,714.0,724.9500122070312,713.5755004882812,68737.0
2023-03-08,725.0,735.4500122070312,717.0,732.2000122070312,720.7117309570312,29076.0
2023-03-09,732.2000122070312,763.0,730.5,752.4000244140625,740.5948486328125,127013.0
2023-03-10,752.4000244140625,752.4000244140625,736.5,743.9000244140625,732.2282104492188,36968.0
2023-03-13,737.0,746.0999755859375,720.0,723.8499755859375,712.4927368164062,41959.0
2023-03-14,716.0,729.0,707.0,711.9500122070312,700.7794189453125,36644.0
2023-03-15,713.0,727.9000244140625,707.0499877929688,717.0,705.750244140625,39430.0
2023-03-16,709.0,724.75,697.0,717.5,706.2423706054688,38430.0
2023-03-17,726.0,726.0,712.75,719.3499755859375,708.0632934570312,23966.0
2023-03-20,700.0999755859375,732.0,700.0999755859375,715.75,704.5198364257812,13450.0
2023-03-21,719.3499755859375,786.0,713.6500244140625,775.1500244140625,762.9878540039062,119818.0
2023-03-22,784.3499755859375,816.0,782.25,806.3499755859375,793.6983032226562,135797.0
2023-03-23,800.5,805.0,785.0,789.5,777.1126708984375,28509.0
2023-03-24,785.0,800.0,772.0,782.4500122070312,770.1732788085938,29791.0
2023-03-27,775.0,782.0,742.0,752.4500122070312,740.6439819335938,38573.0
2023-03-28,752.4500122070312,758.4500122070312,707.1500244140625,715.25,704.0276489257812,54467.0
2023-03-29,718.8499755859375,745.0,710.0999755859375,731.1500244140625,719.67822265625,57004.0
2023-03-31,737.0,758.3499755859375,735.5999755859375,742.8499755859375,731.1945190429688,32939.0
2023-04-03,750.0499877929688,806.2999877929688,749.4500122070312,794.2000122070312,781.7388916015625,79812.0
2023-04-05,791.0499877929688,826.7999877929688,786.4000244140625,790.5,778.0969848632812,78678.0
2023-04-06,795.0499877929688,808.5999755859375,788.0,792.5499877929688,780.1148071289062,29868.0
2023-04-10,793.0,797.0,765.0,766.8499755859375,754.8179931640625,49518.0
2023-04-11,770.0499877929688,784.0,766.4500122070312,772.9500122070312,760.8223876953125,27560.0
2023-04-12,774.9500122070312,784.3499755859375,765.0,775.2000122070312,763.037109375,28036.0
2023-04-13,772.0,782.4500122070312,765.5499877929688,774.4000244140625,762.2496337890625,22392.0
2023-04-17,774.3499755859375,790.0999755859375,767.5999755859375,774.5999755859375,762.4464111328125,26232.0
2023-04-18,775.0499877929688,789.7000122070312,770.0999755859375,774.4000244140625,762.2496337890625,27505.0
2023-04-19,774.4000244140625,799.0,773.4500122070312,783.75,771.4528198242188,29118.0
2023-04-20,790.0,919.9000244140625,785.4000244140625,881.9500122070312,868.1121215820312,854470.0
2023-04-21,873.1500244140625,908.0,817.0,828.9000244140625,815.89453125,876347.0
2023-04-24,802.2999877929688,815.4500122070312,780.0,783.4000244140625,771.1083374023438,243074.0
2023-04-25,783.9000244140625,817.0,775.0,788.5,776.1282958984375,170168.0
2023-04-26,790.9500122070312,795.7999877929688,768.5,772.5,760.37939453125,79732.0
2023-04-27,783.9000244140625,809.9500122070312,775.0,790.2999877929688,777.9000854492188,94769.0
2023-04-28,798.0,798.0,781.0,788.5,776.1282958984375,53330.0
2023-05-02,795.0,798.5,787.8499755859375,796.25,783.7567138671875,43956.0
2023-05-03,800.0,805.5,789.0,791.8499755859375,779.42578125,30088.0
2023-05-04,795.0,805.9500122070312,789.0,795.4500122070312,782.9692993164062,30631.0
2023-05-05,798.0,799.25,787.5999755859375,790.9500122070312,778.5399169921875,16491.0
2023-05-08,799.8499755859375,800.0,785.0,789.0499877929688,776.669677734375,22508.0
2023-05-09,797.9500122070312,803.5999755859375,783.25,790.6500244140625,778.2446899414062,25794.0
2023-05-10,791.0499877929688,798.2000122070312,781.2000122070312,788.0,775.63623046875,32615.0
2023-05-11,795.9000244140625,798.0,789.5999755859375,792.0499877929688,779.6226196289062,27003.0
2023-05-12,792.0,792.0,777.0,786.5499877929688,774.208984375,16270.0
2023-05-15,786.0,786.5499877929688,771.4000244140625,775.5499877929688,763.3815307617188,29674.0
2023-05-16,781.9500122070312,783.5999755859375,772.0999755859375,775.7999877929688,763.627685546875,29823.0
2023-05-17,778.9500122070312,778.9500122070312,771.9000244140625,772.5499877929688,760.4286499023438,13898.0
2023-05-18,777.0,785.3499755859375,758.3499755859375,767.2999877929688,755.2610473632812,34766.0
2023-05-19,774.4500122070312,774.8499755859375,755.0,760.4000244140625,748.46923828125,26333.0
2023-05-22,769.9500122070312,769.9500122070312,750.0,752.0,740.2010498046875,41892.0
2023-05-23,759.9500122070312,785.0,750.5999755859375,780.5499877929688,768.3030395507812,71142.0
2023-05-24,793.7000122070312,795.0,770.5999755859375,778.2000122070312,765.9899291992188,57742.0
2023-05-25,779.0,779.0,771.5,775.0,762.8401489257812,36768.0
2023-05-26,779.25,780.0499877929688,769.75,775.2000122070312,763.037109375,24865.0
2023-05-29,785.0,785.0,775.0499877929688,780.5499877929688,768.3030395507812,30088.0
2023-05-30,789.9500122070312,791.25,768.6500244140625,772.7000122070312,760.5762939453125,22201.0
2023-05-31,768.0,774.0,760.0,766.3499755859375,754.3258666992188,46957.0
2023-06-01,771.8499755859375,786.0499877929688,764.75,767.1500244140625,755.1133422851562,33334.0
2023-06-02,778.6500244140625,779.9500122070312,760.9000244140625,769.5999755859375,757.5248413085938,55039.0
2023-06-05,775.0,777.9500122070312,765.2999877929688,767.7999877929688,755.7531127929688,45173.0
2023-06-06,771.0,778.0999755859375,758.5999755859375,760.6500244140625,748.71533203125,81767.0
2023-06-07,761.9500122070312,824.0,757.25,812.0999755859375,799.3580322265625,252333.0
2023-06-08,815.0,842.6500244140625,814.5499877929688,832.2000122070312,819.1426391601562,146594.0
2023-06-09,840.5,854.4000244140625,832.2000122070312,837.6500244140625,824.5072631835938,94518.0
2023-06-12,840.0,841.3499755859375,811.0,814.1500244140625,801.3759765625,50248.0
2023-06-13,816.0,844.3499755859375,816.0,828.6500244140625,815.6483764648438,51499.0
2023-06-14,828.6500244140625,847.0,828.6500244140625,839.5499877929688,826.3773193359375,40697.0
2023-06-15,846.1500244140625,849.8499755859375,828.2999877929688,834.0499877929688,820.9637451171875,35952.0
2023-06-16,834.0,841.7000122070312,827.75,835.4500122070312,822.3416748046875,29874.0
2023-06-19,841.0,841.9500122070312,818.2000122070312,822.0499877929688,809.1519165039062,33516.0
2023-06-20,826.0,882.0,822.9500122070312,859.9500122070312,846.457275390625,283524.0
2023-06-21,866.7000122070312,876.0,854.5,858.0999755859375,844.6363525390625,61249.0
2023-06-22,864.5999755859375,870.5,840.0,842.1500244140625,828.9365844726562,42100.0
2023-06-23,845.5499877929688,847.4000244140625,821.5499877929688,826.5499877929688,813.581298828125,39372.0
2023-06-26,833.0499877929688,855.9000244140625,828.0,848.7999877929688,835.482177734375,38283.0
2023-06-27,858.0,860.0,838.0,841.0999755859375,827.9030151367188,36055.0
2023-06-28,841.0999755859375,851.9500122070312,831.0499877929688,833.75,820.6683959960938,36426.0
2023-06-30,838.0,849.2000122070312,829.1500244140625,836.4500122070312,823.3260498046875,47664.0
2023-07-03,849.0,849.0,832.0,833.7999877929688,820.7175903320312,33184.0
2023-07-04,839.9500122070312,839.9500122070312,827.5,830.1500244140625,817.1248779296875,25480.0
2023-07-05,830.0,842.2000122070312,825.0,826.8499755859375,813.8766479492188,38306.0
2023-07-06,827.0,833.9000244140625,813.7000122070312,820.8499755859375,807.9707641601562,50220.0
2023-07-07,825.9500122070312,826.4000244140625,816.0499877929688,821.7000122070312,808.8074340820312,29586.0
2023-07-10,820.1500244140625,829.4000244140625,812.5,818.5999755859375,805.756103515625,34378.0
2023-07-11,824.8499755859375,826.4500122070312,810.0999755859375,814.1500244140625,801.3759765625,28173.0
2023-07-12,814.1500244140625,830.25,811.25,821.8499755859375,808.955078125,35046.0
2023-07-13,827.7999877929688,842.4500122070312,819.0,825.5999755859375,812.646240234375,53210.0
2023-07-14,829.4000244140625,836.2999877929688,825.5499877929688,830.8499755859375,817.8139038085938,26429.0
2023-07-17,835.0,859.6500244140625,831.8499755859375,845.9500122070312,832.6769409179688,65207.0
2023-07-18,852.4500122070312,856.7999877929688,836.0,844.0499877929688,830.8068237304688,36172.0
2023-07-19,847.0,850.0,836.0,841.4000244140625,828.1984252929688,42144.0
2023-07-20,844.75,854.9500122070312,821.1500244140625,828.7999877929688,815.7960205078125,29183.0
2023-07-21,835.0999755859375,835.0999755859375,762.5499877929688,769.1500244140625,757.0819702148438,291173.0
2023-07-24,760.0,760.0,730.0,735.75,724.2060546875,216622.0
2023-07-25,736.0499877929688,760.0,736.0499877929688,748.1500244140625,736.4114379882812,72181.0
2023-07-26,756.7000122070312,758.7999877929688,748.2000122070312,754.5499877929688,742.7109985351562,75507.0
2023-07-27,747.25,757.0,738.5,742.5999755859375,732.8910522460938,48309.0
2023-07-28,753.75,753.75,742.6500244140625,747.3499755859375,737.5789794921875,33427.0
2023-07-31,757.0,757.0,745.0,749.0499877929688,739.2567749023438,36275.0
2023-08-01,749.0499877929688,762.0999755859375,748.9000244140625,753.9000244140625,744.0433959960938,33422.0
2023-08-02,761.4500122070312,761.4500122070312,748.0,752.5499877929688,742.7109985351562,40859.0
2023-08-03,752.5499877929688,757.5999755859375,745.0999755859375,752.5,742.6617431640625,31938.0
2023-08-04,747.5,759.75,726.1500244140625,739.75,730.078369140625,59250.0
2023-08-07,749.0,751.4500122070312,731.0,734.25,724.6502685546875,66579.0
2023-08-08,739.7000122070312,749.5,735.5999755859375,741.25,731.5587768554688,41672.0
2023-08-09,747.9500122070312,747.9500122070312,735.0499877929688,738.9500122070312,729.2888793945312,40632.0
2023-08-10,738.9500122070312,746.0,735.0,744.4500122070312,734.7169189453125,33810.0
2023-08-11,744.5499877929688,746.0,737.4000244140625,741.75,732.0521850585938,25359.0
2023-08-14,742.0,749.0,728.0,732.9000244140625,723.3179931640625,30450.0
2023-08-16,734.9500122070312,734.9500122070312,720.0,722.7999877929688,713.3499755859375,48527.0
2023-08-17,722.7999877929688,730.0,716.5499877929688,719.25,709.8463745117188,47257.0
2023-08-18,719.3499755859375,727.2000122070312,718.1500244140625,724.0499877929688,714.5836181640625,23800.0
2023-08-21,724.5,730.0,718.0,720.7999877929688,711.3760986328125,38066.0
2023-08-22,718.0,724.4000244140625,718.0,721.9500122070312,712.5111083984375,27533.0
2023-08-23,722.5,750.0,722.0,735.4000244140625,725.7852172851562,69740.0
2023-08-24,742.7000122070312,759.2999877929688,730.3499755859375,734.2999877929688,724.6995849609375,59477.0
2023-08-25,734.9500122070312,744.9500122070312,726.0499877929688,741.75,732.0521850585938,27146.0
2023-08-28,740.9000244140625,747.9000244140625,734.0,740.0,730.3250732421875,31681.0
2023-08-29,738.9000244140625,747.3499755859375,736.5499877929688,740.5999755859375,730.917236328125,21002.0
2023-08-30,746.8499755859375,746.8499755859375,739.0,741.0,731.3120727539062,26202.0
2023-08-31,745.9000244140625,746.8499755859375,736.0499877929688,744.2000122070312,734.47021484375,20960.0
2023-09-01,749.0,753.8499755859375,742.1500244140625,744.5499877929688,734.8156127929688,23006.0
2023-09-04,754.8499755859375,756.0,748.0499877929688,749.7000122070312,739.8982543945312,29085.0
2023-09-05,764.7000122070312,774.9500122070312,753.5999755859375,763.6500244140625,753.6659545898438,58201.0
2023-09-06,772.9500122070312,772.9500122070312,756.0999755859375,759.4500122070312,749.5208129882812,34005.0
2023-09-07,765.9500122070312,803.0,760.9500122070312,795.2999877929688,784.902099609375,149161.0
2023-09-08,800.0,816.7999877929688,786.5999755859375,787.7999877929688,777.5001220703125,91920.0
2023-09-11,795.0,798.6500244140625,776.0499877929688,789.5999755859375,779.276611328125,63467.0
2023-09-12,798.0,798.0,742.0499877929688,773.75,763.6338500976562,60450.0
2023-09-13,773.75,780.0999755859375,750.0,758.4000244140625,748.4844970703125,45407.0
2023-09-14,758.4000244140625,780.0999755859375,758.4000244140625,771.2999877929688,761.2158813476562,27431.0
2023-09-15,774.9000244140625,780.0,760.0999755859375,768.0999755859375,758.0576782226562,26772.0
2023-09-18,765.0,773.8499755859375,752.0499877929688,756.9000244140625,747.0040893554688,34172.0
2023-09-20,761.9000244140625,762.5,754.3499755859375,757.3499755859375,747.4482421875,19366.0
2023-09-21,759.7999877929688,768.7000122070312,755.0,757.5999755859375,747.6949462890625,18255.0
2023-09-22,757.0,763.25,750.0,751.75,741.9215087890625,15474.0
2023-09-25,757.9000244140625,758.8499755859375,741.9000244140625,751.6500244140625,741.82275390625,21146.0
2023-09-26,759.1500244140625,759.1500244140625,743.0999755859375,749.0,739.2073974609375,29589.0
2023-09-27,749.0,758.9000244140625,745.0,756.7000122070312,746.8068237304688,20128.0
2023-09-28,762.0,775.7999877929688,755.0,770.7000122070312,760.6237182617188,48879.0
2023-09-29,769.0,774.7999877929688,761.5499877929688,769.7999877929688,759.7354736328125,25804.0
2023-10-03,774.4000244140625,779.5499877929688,760.0499877929688,771.7000122070312,761.6106567382812,40663.0
2023-10-04,779.3499755859375,779.3499755859375,755.0,758.8499755859375,748.9286499023438,21931.0
2023-10-05,759.0499877929688,769.4500122070312,747.9500122070312,750.5,740.6878051757812,24225.0
2023-10-06,758.0,768.0,749.6500244140625,759.9000244140625,749.9649047851562,32501.0
2023-10-09,759.8499755859375,764.7999877929688,747.4000244140625,760.25,750.310302734375,27239.0
2023-10-10,752.0,771.5999755859375,752.0,764.7999877929688,754.80078125,23922.0
2023-10-11,764.7999877929688,768.0,760.0,762.7999877929688,752.8269653320312,21583.0
2023-10-12,762.7999877929688,771.0,755.7999877929688,766.5999755859375,756.5772705078125,31454.0
2023-10-13,760.0499877929688,776.0,759.5,770.4500122070312,760.3770141601562,29463.0
2023-10-16,779.2999877929688,815.0499877929688,771.5,792.4000244140625,782.0400390625,116487.0
2023-10-17,799.7999877929688,829.0,795.0499877929688,819.0999755859375,808.3909301757812,210636.0
2023-10-18,821.0499877929688,837.0,811.0,834.0,823.0961303710938,159080.0
2023-10-19,833.0,850.0,828.5999755859375,845.0,833.9523315429688,146976.0
2023-10-20,850.0,859.0,829.75,837.5499877929688,826.5997314453125,144874.0
2023-10-23,815.0,827.0,750.0,767.9000244140625,757.8603515625,313990.0
2023-10-25,781.9000244140625,781.9000244140625,737.5,740.9500122070312,731.2626953125,104440.0
2023-10-26,726.4000244140625,754.9500122070312,717.0,737.5999755859375,727.9564208984375,82726.0
2023-10-27,750.0,764.1500244140625,735.0499877929688,738.1500244140625,728.4993286132812,43669.0
2023-10-30,740.0,744.0,725.0499877929688,728.75,719.2222290039062,32898.0
2023-10-31,734.9000244140625,742.0,720.0,723.0,713.54736328125,36361.0
2023-11-01,723.0,736.4500122070312,721.0,725.9500122070312,716.4588012695312,16993.0
2023-11-02,731.9500122070312,739.5,723.1500244140625,724.7000122070312,715.2251586914062,30377.0
2023-11-03,729.9000244140625,734.0,723.0,725.6500244140625,716.1627197265625,26589.0
2023-11-06,729.8499755859375,737.5,726.5,729.25,719.7156372070312,34756.0
2023-11-07,734.4000244140625,734.4000244140625,723.9000244140625,725.7999877929688,716.310791015625,31551.0
2023-11-08,734.0,736.4500122070312,726.0499877929688,728.7000122070312,719.1728515625,24035.0
2023-11-09,730.0999755859375,735.0,724.7000122070312,729.4000244140625,719.8637084960938,25830.0
2023-11-10,729.4500122070312,732.0,724.9000244140625,726.7000122070312,717.198974609375,18415.0
2023-11-13,733.9500122070312,738.4000244140625,726.9500122070312,736.2000122070312,726.5747680664062,21256.0
2023-11-15,742.0,789.9500122070312,736.5,759.75,749.81689453125,103258.0
2023-11-16,759.0,770.0,755.0,760.75,750.8038330078125,26399.0
2023-11-17,765.0,769.1500244140625,743.0,748.9500122070312,739.1580810546875,45031.0
2023-11-20,748.9500122070312,752.4500122070312,736.0999755859375,741.4000244140625,731.706787109375,23247.0
2023-11-21,749.0,765.9000244140625,735.0,739.5499877929688,729.8809814453125,42883.0
2023-11-22,746.9500122070312,746.9500122070312,735.0,742.3499755859375,732.6443481445312,23939.0
2023-11-23,742.3499755859375,747.4500122070312,736.0499877929688,737.2000122070312,727.5617065429688,14093.0
2023-11-24,747.2000122070312,747.2000122070312,735.0,740.5499877929688,730.867919921875,12144.0
2023-11-28,741.7000122070312,759.0,735.0999755859375,748.7999877929688,739.0100708007812,24259.0
2023-11-29,748.7999877929688,755.0,739.0,740.1500244140625,730.47314453125,23141.0
2023-11-30,750.0,767.9500122070312,739.7000122070312,746.4500122070312,736.6907958984375,75908.0
2023-12-01,746.9500122070312,754.9000244140625,737.0,738.9000244140625,729.239501953125,44248.0
2023-12-04,750.0,752.8499755859375,738.5,740.25,730.5718383789062,27613.0
2023-12-05,741.0,749.9500122070312,740.0,743.0499877929688,733.335205078125,40065.0
2023-12-06,739.0,744.4000244140625,735.0,738.5499877929688,728.89404296875,34629.0
2023-12-07,742.7000122070312,745.5,735.0499877929688,738.5999755859375,728.9434204101562,47511.0
2023-12-08,740.5999755859375,748.0499877929688,724.7000122070312,735.0999755859375,725.4891357421875,36248.0
2023-12-11,735.0999755859375,742.3499755859375,727.0,733.25,723.6633911132812,37543.0
2023-12-12,733.0,741.6500244140625,731.2000122070312,735.25,725.63720703125,33389.0
2023-12-13,739.9000244140625,739.9000244140625,730.0,731.5999755859375,722.034912109375,26953.0
2023-12-14,737.7999877929688,739.4500122070312,729.9500122070312,732.0,722.4296875,30942.0
2023-12-15,733.0,741.0499877929688,727.0499877929688,732.7000122070312,723.1205444335938,50314.0
2023-12-18,734.9500122070312,794.9500122070312,725.9500122070312,782.7000122070312,772.4668579101562,353981.0
2023-12-19,790.0,808.7000122070312,778.0999755859375,789.7000122070312,779.3753662109375,176425.0
2023-12-20,803.0,807.0,742.0,749.5999755859375,739.799560546875,137370.0
2023-12-21,749.5999755859375,766.0,738.2999877929688,760.6500244140625,750.7051391601562,58500.0
2023-12-22,764.7000122070312,788.7999877929688,759.5,782.3499755859375,772.1213989257812,48399.0
2023-12-26,782.9500122070312,819.8499755859375,782.9500122070312,790.2999877929688,779.9674682617188,159634.0
2023-12-27,790.2999877929688,815.0,787.5999755859375,795.4000244140625,785.0008544921875,83811.0
2023-12-28,792.5,802.9500122070312,766.2999877929688,771.0,760.9197998046875,84642.0
2023-12-29,772.5499877929688,787.9500122070312,762.0,780.4000244140625,770.1969604492188,88738.0
2024-01-01,780.4000244140625,784.7000122070312,765.0999755859375,767.2000122070312,757.1694946289062,35387.0
2024-01-02,776.75,785.4000244140625,755.0,781.2999877929688,771.0851440429688,70662.0
2024-01-03,781.2999877929688,782.9500122070312,770.0,773.4500122070312,763.3378295898438,38607.0
2024-01-04,773.4000244140625,781.0,772.0,776.5,766.347900390625,36084.0
2024-01-05,776.0,779.4000244140625,764.0,768.5999755859375,758.5511474609375,50755.0
2024-01-08,778.5,781.0,764.5,773.6500244140625,763.5352172851562,47326.0
2024-01-09,779.0,816.75,760.0,780.5999755859375,770.394287109375,166040.0
2024-01-10,789.0499877929688,789.5499877929688,769.0,770.9000244140625,760.8211669921875,35558.0
2024-01-11,760.0,793.0,760.0,772.2999877929688,762.2027587890625,144094.0
2024-01-12,772.0,779.25,768.7000122070312,774.2000122070312,764.0780029296875,42249.0
2024-01-15,780.0,792.0,767.9500122070312,782.75,772.5161743164062,66286.0
2024-01-16,745.0,782.0499877929688,744.9500122070312,768.5,758.4524536132812,194425.0
2024-01-17,768.5499877929688,779.5999755859375,759.5499877929688,767.25,757.2188720703125,44829.0
2024-01-18,762.0,770.2000122070312,748.0,756.0499877929688,746.1652221679688,46560.0
2024-01-19,767.4000244140625,767.4000244140625,750.0,752.7000122070312,742.8590087890625,41135.0
2024-01-23,725.0999755859375,739.5499877929688,707.5499877929688,709.0,699.7304077148438,159651.0
2024-01-24,719.6500244140625,719.6500244140625,684.0,694.5999755859375,685.5186767578125,107352.0
2024-01-25,695.0,700.0999755859375,675.0,680.5499877929688,671.65234375,107832.0
2024-01-29,680.5499877929688,690.0,664.0,673.0499877929688,664.2504272460938,105919.0
2024-01-30,683.1500244140625,694.6500244140625,670.9000244140625,679.3499755859375,670.468017578125,97196.0
2024-01-31,680.9000244140625,690.0499877929688,676.0499877929688,680.9500122070312,672.0471801757812,85177.0
2024-02-01,686.3499755859375,686.3499755859375,666.0,669.5,660.746826171875,74405.0
2024-02-02,675.0,678.5499877929688,631.0,637.8499755859375,629.5106201171875,244886.0
2024-02-05,638.9000244140625,652.0,627.8499755859375,637.7999877929688,629.4612426757812,126242.0
2024-02-06,639.0,662.5999755859375,638.0,640.9500122070312,632.5701293945312,101020.0
2024-02-07,645.9500122070312,651.4500122070312,630.2999877929688,631.6500244140625,623.3917236328125,84779.0
2024-02-08,632.0499877929688,642.4500122070312,625.0,625.75,617.5687866210938,92445.0
2024-02-09,632.0,636.0,612.0499877929688,616.0,607.9462280273438,100683.0
2024-02-12,615.0,621.3499755859375,607.0,612.6500244140625,604.6401977539062,67947.0
2024-02-13,616.0,626.7999877929688,605.0999755859375,621.2000122070312,613.0783081054688,62860.0
2024-02-14,621.2000122070312,641.75,621.2000122070312,638.0999755859375,629.75732421875,59258.0
2024-02-15,628.0499877929688,660.2000122070312,628.0499877929688,653.9000244140625,645.350830078125,61148.0
2024-02-16,654.5499877929688,659.8499755859375,640.9000244140625,648.3499755859375,639.8733520507812,36706.0
2024-02-19,654.75,664.0,647.9500122070312,656.3499755859375,647.7687377929688,39959.0
2024-02-20,656.7999877929688,667.5,647.5,663.4500122070312,654.7759399414062,41549.0
2024-02-21,663.9500122070312,673.0,663.9500122070312,671.75,662.9674072265625,56505.0
2024-02-22,671.75,677.9500122070312,653.4500122070312,658.1500244140625,649.5452270507812,46411.0
2024-02-23,662.9500122070312,668.8499755859375,655.5499877929688,663.5999755859375,654.9239501953125,33827.0
2024-02-26,663.5999755859375,669.3499755859375,651.0,662.9500122070312,654.282470703125,40009.0
2024-02-27,656.7999877929688,667.7000122070312,650.0,653.4500122070312,644.9066772460938,30440.0
2024-02-28,650.0,658.9000244140625,638.0,643.9000244140625,635.4816284179688,26386.0
2024-02-29,642.9500122070312,650.0,625.0,629.0499877929688,620.82568359375,59498.0
2024-03-01,633.0999755859375,655.9500122070312,633.0999755859375,652.8499755859375,644.3145141601562,38288.0
2024-03-04,664.4500122070312,664.4500122070312,641.0999755859375,643.9000244140625,635.4816284179688,48701.0
2024-03-05,648.2999877929688,648.2999877929688,623.0,625.6500244140625,617.4701538085938,38881.0
2024-03-06,625.1500244140625,630.0,612.0499877929688,614.4000244140625,606.3672485351562,36843.0
2024-03-07,615.0,626.5999755859375,592.0,600.0,592.155517578125,114609.0
2024-03-11,600.0999755859375,635.0,600.0999755859375,627.2999877929688,619.0985717773438,129466.0
2024-03-12,623.4500122070312,635.0,610.6500244140625,630.7000122070312,622.4541625976562,70233.0
2024-03-13,622.0,628.0999755859375,592.0,598.3499755859375,590.5269775390625,79610.0
2024-03-14,590.0499877929688,609.5,588.0,590.5,582.7797241210938,79748.0
2024-03-15,594.5499877929688,614.7999877929688,594.0499877929688,603.4500122070312,595.5603637695312,61080.0
2024-03-18,600.0499877929688,608.75,592.0,596.7000122070312,588.8986206054688,26838.0
2024-03-19,599.25,603.9500122070312,590.0,593.7999877929688,586.0364990234375,35250.0
2024-03-20,597.9000244140625,598.5,580.0499877929688,582.5499877929688,574.93359375,54528.0
2024-03-21,588.0,639.4500122070312,588.0,621.4000244140625,613.2757568359375,141819.0
2024-03-22,612.0499877929688,628.8499755859375,612.0499877929688,618.5,610.4136352539062,46398.0
2024-03-26,615.0499877929688,623.4500122070312,598.0,598.5999755859375,590.7738037109375,64176.0
2024-03-27,598.6500244140625,607.4500122070312,585.0999755859375,589.3499755859375,581.6447143554688,154982.0
2024-03-28,589.0,598.9000244140625,578.5,580.9000244140625,573.3052368164062,65895.0
2024-04-01,580.9000244140625,619.9000244140625,580.9000244140625,613.8499755859375,605.8244018554688,58025.0
2024-04-02,610.0,660.0,607.75,656.5999755859375,648.0155029296875,113333.0
2024-04-03,657.0,657.0499877929688,637.5499877929688,646.7000122070312,638.2449340820312,35929.0
2024-04-04,646.9000244140625,655.7000122070312,636.0499877929688,644.1500244140625,635.728271484375,35866.0
2024-04-05,644.0,647.75,626.5,629.9000244140625,621.66455078125,62280.0
2024-04-08,638.0,638.9500122070312,612.0,618.75,610.6603393554688,75716.0
2024-04-09,618.75,625.4500122070312,607.5,613.5999755859375,605.5776977539062,51234.0
2024-04-10,618.0,645.9000244140625,611.0499877929688,640.3499755859375,631.9779052734375,63310.0
2024-04-12,640.4500122070312,650.7000122070312,633.5499877929688,646.25,637.8008422851562,55938.0
2024-04-15,611.0,639.7999877929688,611.0,635.0,626.6978759765625,49443.0
2024-04-16,635.0,686.9000244140625,631.5499877929688,675.5999755859375,666.7670288085938,149315.0
2024-04-18,675.6500244140625,694.2000122070312,665.5,671.5499877929688,662.77001953125,94928.0
2024-04-19,660.9500122070312,666.5999755859375,645.75,660.9500122070312,652.30859375,40325.0
2024-04-22,662.0,678.0,644.0499877929688,660.5499877929688,651.913818359375,192347.0
2024-04-23,663.0,669.4500122070312,646.0,648.7999877929688,640.3175048828125,69842.0
2024-04-24,655.2000122070312,655.2000122070312,636.0,639.0,630.6455688476562,41841.0
2024-04-25,640.0,645.0,629.5,632.5499877929688,624.2799682617188,39501.0
2024-04-26,632.5999755859375,644.4500122070312,627.0499877929688,631.4000244140625,623.1449584960938,32997.0
2024-04-29,631.4000244140625,640.5,628.5499877929688,630.7999877929688,622.5527954101562,32129.0
2024-04-30,630.7000122070312,636.0,621.7000122070312,624.0499877929688,615.8910522460938,31756.0
2024-05-02,624.9500122070312,629.9500122070312,611.0999755859375,619.6500244140625,611.548583984375,31444.0
2024-05-03,627.6500244140625,627.6500244140625,613.0,616.5499877929688,608.4890747070312,28436.0
2024-05-06,611.0,625.9500122070312,608.0,610.4500122070312,602.4689331054688,29383.0
2024-05-07,611.9000244140625,613.9500122070312,598.0,599.7999877929688,591.9580688476562,44108.0
2024-05-08,608.75,608.7999877929688,595.0499877929688,600.7999877929688,592.945068359375,36457.0
2024-05-09,600.0,601.25,588.0,591.5499877929688,583.81591796875,23779.0
2024-05-10,599.9500122070312,601.0,585.0,600.0499877929688,592.204833984375,20687.0
2024-05-13,590.0,596.4500122070312,586.0,593.2999877929688,585.5430908203125,25713.0
2024-05-14,600.0,604.4500122070312,587.0,595.2000122070312,587.418212890625,22870.0
2024-05-15,598.9500122070312,600.0,588.0,590.0499877929688,582.3355712890625,29251.0
2024-05-16,590.0,596.4500122070312,579.2999877929688,586.7999877929688,579.1280517578125,41957.0
2024-05-17,586.7999877929688,596.9000244140625,583.5499877929688,586.4000244140625,578.7333984375,30715.0
2024-05-21,592.9500122070312,595.0,580.0,581.7999877929688,574.1934204101562,54989.0
2024-05-22,590.0,590.0,580.0499877929688,585.1500244140625,577.4996337890625,37597.0
2024-05-23,585.4500122070312,587.4000244140625,581.75,584.3499755859375,576.7100830078125,25614.0
2024-05-24,580.0,584.8499755859375,579.9500122070312,580.9000244140625,573.3052368164062,28816.0
2024-05-27,580.9000244140625,583.0499877929688,559.0,561.0499877929688,553.7146606445312,136188.0
2024-05-28,561.0499877929688,561.0499877929688,543.0,545.25,538.1212768554688,102480.0
2024-05-29,545.0,545.25,527.7000122070312,531.0499877929688,524.10693359375,104709.0
2024-05-30,531.1500244140625,553.0,525.0999755859375,544.4000244140625,537.282470703125,130180.0
2024-05-31,552.2999877929688,553.9500122070312,520.0499877929688,525.3499755859375,518.4814453125,369496.0
2024-06-03,550.0,550.0,529.0499877929688,533.7999877929688,526.821044921875,81700.0
2024-06-04,535.0,538.4500122070312,501.04998779296875,507.29998779296875,500.6674499511719,115042.0
2024-06-05,508.0,529.8499755859375,501.0,527.4500122070312,520.5540161132812,50799.0
2024-06-06,527.4500122070312,543.0,527.4500122070312,535.2000122070312,528.2026977539062,37241.0
2024-06-07,535.2000122070312,555.0,535.2000122070312,547.2999877929688,540.14453125,58569.0
2024-06-10,552.9000244140625,567.4500122070312,550.1500244140625,563.5,556.1326904296875,56352.0
2024-06-11,568.5,568.5,557.8499755859375,561.6500244140625,554.306884765625,41858.0
2024-06-12,562.2999877929688,567.0,559.1500244140625,562.5999755859375,555.2444458007812,29472.0
2024-06-13,561.9500122070312,570.0,561.9500122070312,565.9000244140625,558.5013427734375,34894.0
2024-06-14,569.8499755859375,575.0,566.7999877929688,569.75,562.3009643554688,39054.0
2024-06-18,578.2999877929688,578.2999877929688,565.0,567.4000244140625,559.9817504882812,35144.0
2024-06-19,571.9000244140625,571.9000244140625,554.8499755859375,557.3499755859375,550.0630493164062,30315.0
2024-06-20,558.0,578.0,557.3499755859375,576.2999877929688,568.765380859375,61400.0
2024-06-21,580.0,593.0,578.7000122070312,587.0499877929688,579.374755859375,125884.0
2024-06-24,587.0,594.7999877929688,571.0,589.7999877929688,582.0888671875,68550.0
2024-06-25,589.7999877929688,593.0,582.5,590.2000122070312,582.483642578125,157558.0
2024-06-26,590.2000122070312,594.6500244140625,584.5,589.7999877929688,582.0888671875,33083.0
2024-06-27,585.0,595.7999877929688,584.7999877929688,590.25,582.532958984375,53982.0
2024-06-28,590.0,593.0,584.8499755859375,589.7999877929688,582.0888671875,48461.0
2024-07-01,594.0,594.0,584.0,587.6500244140625,579.9669799804688,29483.0
2024-07-02,584.0,593.0,584.0,586.5,578.8319702148438,28022.0
2024-07-03,589.4000244140625,590.4500122070312,583.5,586.7000122070312,579.0293579101562,48762.0
2024-07-04,585.0,591.5,581.0,585.7999877929688,578.14111328125,52998.0
2024-07-05,585.7999877929688,593.0,580.0,591.5499877929688,583.81591796875,40538.0
2024-07-08,599.4500122070312,662.7999877929688,592.0,621.9500122070312,613.8185424804688,567697.0
2024-07-09,624.7000122070312,629.9000244140625,608.75,612.75,604.73876953125,88803.0
2024-07-10,616.9000244140625,618.0,599.0,614.5,606.4658813476562,61060.0
2024-07-11,617.75,618.0,599.25,603.1500244140625,595.2643432617188,55265.0
2024-07-12,606.0,621.0999755859375,605.0,607.9500122070312,600.0015258789062,43953.0
2024-07-15,607.5,615.0499877929688,592.5499877929688,607.2999877929688,599.3599853515625,54255.0
2024-07-16,611.8499755859375,613.7000122070312,604.5499877929688,609.8499755859375,601.8766479492188,35229.0
2024-07-18,615.9500122070312,618.5,587.0,587.9500122070312,580.2630615234375,61976.0
2024-07-19,589.0,590.0499877929688,577.75,582.3499755859375,574.7362670898438,53112.0
2024-07-22,578.0,581.7000122070312,567.0,568.2999877929688,560.8699951171875,49209.0
2024-07-23,568.2999877929688,575.5,556.0,571.25,565.7724609375,31344.0
2024-07-24,574.0,590.0499877929688,574.0,588.9500122070312,583.302734375,21821.0
2024-07-25,585.0,589.0,579.0999755859375,580.8499755859375,575.2804565429688,14935.0
2024-07-26,578.0999755859375,589.9500122070312,578.0999755859375,582.9000244140625,577.310791015625,23744.0
2024-07-29,590.0,609.7999877929688,587.0,600.0999755859375,594.3458251953125,136833.0
2024-07-30,606.0999755859375,614.6500244140625,576.7000122070312,579.25,573.69580078125,208399.0
2024-07-31,590.0,610.0,574.3499755859375,602.6500244140625,596.8713989257812,168006.0
2024-08-01,607.0,629.25,607.0,614.7000122070312,608.8058471679688,155825.0
2024-08-02,609.9000244140625,613.0999755859375,597.5,600.6500244140625,594.890625,53349.0
2024-08-05,575.5499877929688,593.0,568.5499877929688,572.9000244140625,567.4066772460938,78864.0
2024-08-06,579.9500122070312,586.9500122070312,571.0,576.4500122070312,570.9226684570312,49088.0
2024-08-07,576.0,592.4500122070312,572.5499877929688,580.5499877929688,574.9832763671875,57167.0
2024-08-08,587.9000244140625,588.4500122070312,571.0,573.9000244140625,568.3970947265625,21302.0
2024-08-09,576.4000244140625,594.0,576.4000244140625,585.75,580.1334838867188,33779.0
2024-08-12,574.0,603.2000122070312,574.0,597.5,591.7708129882812,49279.0
2024-08-13,601.0999755859375,609.2000122070312,587.4000244140625,590.1500244140625,584.4913330078125,39991.0
2024-08-14,593.75,593.75,572.1500244140625,575.7000122070312,570.1798095703125,28900.0
2024-08-16,573.0,583.0,573.0,580.8499755859375,575.2804565429688,14973.0
2024-08-19,575.0,591.0,575.0,583.5499877929688,577.9545288085938,18534.0
2024-08-20,589.7000122070312,590.1500244140625,577.0499877929688,581.2000122070312,575.6271362304688,26809.0
2024-08-21,581.2000122070312,587.75,579.9000244140625,581.0999755859375,575.5280151367188,23396.0
2024-08-22,586.9000244140625,601.0,581.5499877929688,598.0999755859375,592.364990234375,154178.0
2024-08-23,592.0999755859375,617.0,592.0999755859375,613.0999755859375,607.2211303710938,96887.0
2024-08-26,613.25,622.8499755859375,610.0,618.0499877929688,612.1237182617188,111014.0
2024-08-27,618.0499877929688,621.9500122070312,602.0,605.5999755859375,599.7930908203125,38122.0
2024-08-28,606.0,611.9000244140625,604.0,607.0499877929688,601.2291870117188,22818.0
2024-08-29,597.0,606.9500122070312,588.0499877929688,593.1500244140625,587.4625244140625,36673.0
2024-08-30,602.0,602.0,592.25,597.7000122070312,591.9688720703125,26201.0
2024-09-02,603.0,603.0,587.0,588.2000122070312,582.5599975585938,29206.0
2024-09-03,588.2000122070312,597.0,585.0,589.5,583.8474731445312,24899.0
2024-09-04,587.9500122070312,594.4000244140625,583.0,584.5,578.8954467773438,39104.0
2024-09-05,590.3499755859375,610.0,583.0,602.9000244140625,597.1190795898438,54233.0
2024-09-06,605.0,612.4500122070312,591.0,599.8499755859375,594.0982055664062,42211.0
2024-09-09,591.4500122070312,595.9500122070312,584.5499877929688,586.9000244140625,581.2724609375,33644.0
2024-09-10,592.0,595.0,585.0,587.5999755859375,581.9656982421875,19138.0
2024-09-11,591.2999877929688,603.0,590.0,600.8499755859375,595.088623046875,42465.0
2024-09-12,605.0,605.0,586.25,591.7000122070312,586.0264282226562,18734.0
2024-09-13,596.0,599.75,587.0,590.7000122070312,585.0360107421875,17772.0
2024-09-16,595.0,596.5999755859375,585.0499877929688,586.9000244140625,581.2724609375,27533.0
2024-09-17,590.0,590.9500122070312,581.0,583.7000122070312,578.1030883789062,23633.0
2024-09-18,585.0,596.8499755859375,576.0,577.25,571.7149658203125,38216.0
2024-09-19,581.0,587.5,570.0,577.0,571.4674072265625,31048.0
2024-09-20,581.0,582.5999755859375,571.5,576.1500244140625,570.62548828125,28363.0
2024-09-23,574.1500244140625,579.6500244140625,571.0,574.75,569.2388916015625,20986.0
2024-09-24,575.9000244140625,585.0,572.0999755859375,584.0499877929688,578.44970703125,29842.0
2024-09-25,580.0,595.0,572.0,575.7999877929688,570.27880859375,29476.0
2024-09-26,576.0,578.4000244140625,566.4000244140625,569.5499877929688,564.0887451171875,37080.0
2024-09-27,570.0,581.4000244140625,566.1500244140625,568.5499877929688,563.098388671875,30478.0
2024-09-30,568.5499877929688,575.4500122070312,564.0,566.4000244140625,560.968994140625,23890.0
2024-10-01,565.0,569.4500122070312,550.0,560.25,554.8779296875,24446.0
2024-10-03,560.0,561.4500122070312,547.0499877929688,549.6500244140625,544.379638671875,36767.0
2024-10-04,549.5499877929688,558.9500122070312,544.0,550.0999755859375,544.8252563476562,27977.0
2024-10-07,547.75,553.4000244140625,526.5999755859375,533.9000244140625,528.7807006835938,28342.0
2024-10-08,526.0,535.9500122070312,526.0,533.9000244140625,528.7807006835938,23402.0
2024-10-09,538.0,576.9500122070312,538.0,570.4500122070312,564.9801635742188,70931.0
2024-10-10,570.4500122070312,576.0,559.9500122070312,562.5999755859375,557.2054443359375,25823.0
2024-10-11,562.6500244140625,572.75,557.0,570.6500244140625,565.1782836914062,21825.0
2024-10-14,576.3499755859375,579.9500122070312,563.0,568.75,563.2965087890625,69815.0
2024-10-15,569.0,569.0,554.7000122070312,560.75,555.3731689453125,14314.0
2024-10-16,560.75,564.9000244140625,552.4500122070312,554.8499755859375,549.5297241210938,21331.0
2024-10-17,554.5,557.2000122070312,550.0,552.7000122070312,547.4003295898438,14766.0
2024-10-18,550.0,562.0,540.0,545.2999877929688,540.0713500976562,21464.0
2024-10-21,545.0,618.0,543.0,569.6500244140625,564.1878662109375,157314.0
2024-10-22,559.9000244140625,575.0,551.0499877929688,569.8499755859375,564.3858642578125,131982.0
2024-10-23,569.8499755859375,572.0,538.0,562.2999877929688,556.9083251953125,85019.0
2024-10-24,562.2000122070312,562.2999877929688,542.0999755859375,544.0,538.7838134765625,22838.0
2024-10-25,544.2000122070312,551.9500122070312,519.9500122070312,533.5499877929688,528.4340209960938,36071.0
2024-10-28,526.0999755859375,535.0,524.0,526.3499755859375,521.3030395507812,27531.0
2024-10-29,527.1500244140625,542.0,525.0,533.5,528.3844604492188,14789.0
2024-10-30,532.2000122070312,546.6500244140625,532.2000122070312,541.5999755859375,536.4067993164062,12605.0
2024-10-31,532.0,544.2999877929688,532.0,536.9000244140625,531.7518920898438,15743.0
2024-11-01,530.5499877929688,556.0,530.2999877929688,540.0999755859375,534.921142578125,12850.0
2024-11-04,542.0,542.0,527.75,532.5499877929688,527.4435424804688,25440.0
2024-11-05,535.0,535.0,529.0,534.0499877929688,528.92919921875,14082.0
2024-11-06,535.5499877929688,539.8499755859375,530.0,534.7000122070312,529.5729370117188,19918.0
2024-11-07,536.1500244140625,546.0,532.9500122070312,544.1500244140625,538.932373046875,34223.0
2024-11-08,544.2000122070312,549.9500122070312,536.0499877929688,544.0499877929688,538.8333129882812,26496.0
2024-11-11,536.75,542.2999877929688,530.0499877929688,531.9000244140625,526.7998046875,25088.0
2024-11-12,533.0,536.4500122070312,521.0,523.9000244140625,518.8765258789062,13652.0
2024-11-13,530.25,530.8499755859375,515.0,516.4500122070312,511.4979553222656,18709.0
2024-11-14,518.0,525.0,502.0,507.20001220703125,502.3366394042969,17636.0
2024-11-18,506.95001220703125,519.0,502.04998779296875,507.75,502.8813781738281,17350.0
2024-11-19,512.0,518.4000244140625,508.04998779296875,510.75,505.85260009765625,14866.0
2024-11-21,508.70001220703125,508.70001220703125,500.0,501.0,496.19610595703125,19151.0
2024-11-22,500.8999938964844,507.0,500.0,501.5,496.6912841796875,9990.0
2024-11-25,504.95001220703125,511.6000061035156,497.1499938964844,502.3500061035156,497.5331726074219,28668.0
2024-11-26,506.95001220703125,511.95001220703125,489.25,499.20001220703125,494.41339111328125,140038.0
2024-11-27,503.95001220703125,504.0,493.70001220703125,499.3999938964844,494.6114196777344,231332.0
2024-11-28,502.70001220703125,508.8999938964844,495.0,496.70001220703125,491.9373474121094,173838.0
2024-11-29,500.0,500.6000061035156,493.1499938964844,497.20001220703125,492.4325256347656,15641.0
2024-12-02,498.95001220703125,500.0,493.79998779296875,498.8999938964844,494.1162109375,21348.0
2024-12-03,503.8500061035156,503.8500061035156,497.54998779296875,499.6499938964844,494.8590087890625,38354.0
2024-12-04,500.1000061035156,509.20001220703125,498.0,499.04998779296875,494.2647705078125,54968.0
2024-12-05,499.8500061035156,502.95001220703125,496.6499938964844,498.5,493.7200927734375,54134.0
2024-12-06,498.5,500.0,498.0,499.45001220703125,494.6609802246094,39077.0
2024-12-09,499.45001220703125,502.3500061035156,494.0,497.5,492.7296447753906,52898.0
2024-12-10,498.0,502.04998779296875,497.0,499.6499938964844,494.8590087890625,116892.0
2024-12-11,500.45001220703125,522.0,499.8500061035156,502.45001220703125,497.6322021484375,213252.0
2024-12-12,505.0,508.1499938964844,493.70001220703125,497.04998779296875,492.2839660644531,71776.0
2024-12-13,497.0,499.0,486.8999938964844,490.20001220703125,485.4996643066406,50289.0
2024-12-16,492.79998779296875,496.8500061035156,488.1499938964844,490.6000061035156,485.8958435058594,31555.0
2024-12-17,493.20001220703125,499.70001220703125,490.3999938964844,492.6000061035156,487.87664794921875,23106.0
2024-12-18,492.6499938964844,494.95001220703125,485.0,485.8500061035156,481.1913757324219,26646.0
2024-12-19,484.0,493.25,481.25,492.3500061035156,487.6290588378906,29213.0
2024-12-20,492.3500061035156,500.3500061035156,482.0,484.6000061035156,479.9533386230469,47982.0
2024-12-23,490.0,492.0,478.29998779296875,479.29998779296875,474.70416259765625,19095.0
2024-12-24,479.0,504.0,479.0,495.75,490.9964294433594,33157.0
2024-12-26,495.95001220703125,502.04998779296875,482.8999938964844,494.04998779296875,489.3127136230469,24642.0
2024-12-27,494.04998779296875,497.3999938964844,487.04998779296875,488.8500061035156,484.16259765625,16272.0
2024-12-30,488.8500061035156,495.45001220703125,483.75,486.04998779296875,481.3894348144531,15597.0
2024-12-31,486.04998779296875,488.45001220703125,481.04998779296875,482.95001220703125,478.3191833496094,14042.0
2025-01-01,482.04998779296875,487.70001220703125,482.04998779296875,484.0,479.3591003417969,13844.0
2025-01-02,484.0,484.70001220703125,480.0,481.95001220703125,477.32879638671875,21943.0
2025-01-03,481.95001220703125,484.95001220703125,479.5,480.29998779296875,475.6945495605469,22637.0
2025-01-06,479.0,481.75,460.0,461.45001220703125,457.0253601074219,45259.0
2025-01-07,462.95001220703125,505.0,454.79998779296875,495.8999938964844,491.1449890136719,169607.0
2025-01-08,491.20001220703125,510.0,491.1499938964844,507.70001220703125,502.8318786621094,63110.0
2025-01-09,506.8999938964844,506.8999938964844,485.3999938964844,487.3500061035156,482.677001953125,23139.0
2025-01-10,486.3999938964844,504.0,477.0,499.45001220703125,494.6609802246094,54145.0
2025-01-13,491.95001220703125,496.3500061035156,468.5,470.6499938964844,466.1371154785156,37682.0
2025-01-14,479.54998779296875,493.20001220703125,466.0,482.25,477.6258850097656,20381.0
2025-01-15,484.79998779296875,499.0,477.04998779296875,495.6000061035156,490.847900390625,22385.0
2025-01-16,492.20001220703125,495.75,482.0,483.95001220703125,479.3096008300781,17896.0
2025-01-17,483.95001220703125,503.0,478.04998779296875,492.45001220703125,487.72808837890625,33844.0
2025-01-20,490.1000061035156,493.5,481.04998779296875,490.5,485.7967834472656,11766.0
2025-01-21,486.0,492.95001220703125,484.04998779296875,486.1000061035156,481.43896484375,8859.0
2025-01-22,483.5,492.8999938964844,473.04998779296875,491.29998779296875,486.589111328125,35425.0
2025-01-23,487.8999938964844,490.45001220703125,463.95001220703125,469.1499938964844,464.6514892578125,155208.0
2025-01-24,462.1000061035156,464.54998779296875,425.0,430.79998779296875,426.6692199707031,127552.0
2025-01-27,430.0,430.6499938964844,400.0,417.04998779296875,413.0510559082031,81639.0
2025-01-28,418.1000061035156,420.1000061035156,405.45001220703125,414.75,410.7731018066406,42150.0
2025-01-29,413.1000061035156,450.8999938964844,413.1000061035156,435.8500061035156,431.6708068847656,59850.0
2025-01-30,429.29998779296875,446.0,427.1000061035156,432.95001220703125,428.7986145019531,46066.0
2025-01-31,432.5,441.70001220703125,430.54998779296875,436.1499938964844,431.9679260253906,18311.0
2025-02-01,433.3999938964844,440.79998779296875,430.0,435.6000061035156,431.4231872558594,9142.0
2025-02-03,436.0,438.29998779296875,430.0,431.0,426.8672790527344,10373.0
2025-02-04,432.04998779296875,436.3500061035156,424.6000061035156,426.1000061035156,422.0142822265625,13926.0
2025-02-05,426.0,430.0,414.95001220703125,420.54998779296875,416.5174865722656,25170.0
2025-02-06,422.70001220703125,432.0,418.04998779296875,420.5,416.46795654296875,20671.0
2025-02-07,420.5,425.0,417.0,420.29998779296875,416.2698974609375,19576.0
2025-02-10,420.29998779296875,424.45001220703125,415.0,417.25,413.2491455078125,19706.0
2025-02-11,413.5,416.20001220703125,402.3999938964844,404.79998779296875,400.91851806640625,27794.0
2025-02-12,404.79998779296875,409.0,389.95001220703125,406.54998779296875,402.6517333984375,39856.0
2025-02-13,402.8999938964844,414.3999938964844,402.04998779296875,407.3500061035156,403.4440612792969,16080.0
2025-02-14,407.3500061035156,407.3500061035156,394.1499938964844,395.45001220703125,391.6581726074219,19016.0
2025-02-17,395.45001220703125,395.5,380.54998779296875,383.20001220703125,379.525634765625,20648.0
2025-02-18,382.45001220703125,389.0,375.0,378.0,374.3755187988281,23759.0
2025-02-19,376.3999938964844,387.0,375.0,383.70001220703125,380.0208435058594,18207.0
2025-02-20,385.3999938964844,399.25,379.54998779296875,388.04998779296875,384.3291320800781,16715.0
2025-02-21,387.95001220703125,403.04998779296875,385.54998779296875,396.45001220703125,392.6485900878906,191548.0
2025-02-24,391.5,391.5,380.0,385.70001220703125,382.0016784667969,103361.0
2025-02-25,389.0,389.0,372.0,374.45001220703125,370.85955810546875,29407.0
2025-02-27,374.45001220703125,374.95001220703125,359.1000061035156,360.1499938964844,356.6966247558594,28191.0
2025-02-28,356.8999938964844,360.1499938964844,333.04998779296875,338.25,335.0066223144531,200424.0
2025-03-03,340.0,341.8999938964844,309.29998779296875,324.0,320.8932800292969,181803.0
2025-03-04,321.1499938964844,326.95001220703125,314.25,316.25,313.21759033203125,47487.0
2025-03-05,315.5,327.95001220703125,315.5,325.1499938964844,322.0322570800781,56572.0
2025-03-06,326.8999938964844,337.6499938964844,325.8999938964844,330.75,327.57855224609375,61708.0
2025-03-07,330.75,338.8999938964844,330.70001220703125,337.0,333.7686462402344,45426.0
2025-03-10,338.79998779296875,345.0,315.04998779296875,320.70001220703125,317.62493896484375,112322.0
2025-03-11,317.79998779296875,322.3999938964844,309.0,313.54998779296875,310.5434875488281,62226.0
2025-03-12,311.0,321.25,299.79998779296875,303.1499938964844,300.2431945800781,103881.0
2025-03-13,303.1499938964844,311.0,296.8999938964844,300.70001220703125,297.81671142578125,88450.0
2025-03-17,301.45001220703125,303.6000061035156,293.5,294.8999938964844,292.07232666015625,54802.0
2025-03-18,294.8999938964844,294.8999938964844,294.8999938964844,294.8999938964844,292.07232666015625,0.0
2025-03-19,296.5,308.0,296.5,305.29998779296875,302.3725891113281,70156.0
2025-03-20,305.29998779296875,317.5,296.0,301.3999938964844,298.5099792480469,110262.0
2025-03-21,303.0,328.45001220703125,303.0,325.25,322.13128662109375,190085.0
2025-03-24,329.25,342.6499938964844,320.54998779296875,328.3500061035156,325.20159912109375,151264.0
2025-03-25,328.3500061035156,333.45001220703125,312.29998779296875,316.5,313.4652099609375,103929.0
2025-03-26,316.20001220703125,322.5,302.5,304.54998779296875,301.6297607421875,75088.0
2025-03-27,305.5,309.6499938964844,295.5,296.70001220703125,293.8550720214844,106738.0
2025-03-28,297.25,307.6000061035156,291.1000061035156,293.1000061035156,290.2895812988281,80480.0
2025-04-01,292.1000061035156,308.8500061035156,292.1000061035156,294.3500061035156,291.527587890625,96316.0
2025-04-02,295.8999938964844,299.70001220703125,290.1000061035156,293.75,290.933349609375,58843.0
2025-04-03,294.79998779296875,297.79998779296875,291.8999938964844,295.6499938964844,292.81512451171875,36832.0
2025-04-04,292.75,295.54998779296875,280.1499938964844,282.25,279.5436096191406,80462.0
2025-04-07,270.0,296.0,260.0,287.1000061035156,284.3471374511719,83615.0
2025-04-08,287.1000061035156,296.04998779296875,279.29998779296875,288.75,285.9812927246094,66847.0
2025-04-09,288.75,290.1000061035156,279.8500061035156,288.6000061035156,285.83270263671875,26415.0
2025-04-11,290.0,296.95001220703125,288.20001220703125,290.04998779296875,287.268798828125,36000.0
2025-04-15,296.5,309.5,290.70001220703125,304.5,301.58026123046875,44278.0
2025-04-16,306.0,309.79998779296875,295.20001220703125,299.8999938964844,297.02435302734375,56559.0
2025-04-17,301.5,321.79998779296875,297.6499938964844,311.5,308.5131530761719,77713.0
2025-04-21,313.8500061035156,329.70001220703125,313.8500061035156,325.1499938964844,322.0322570800781,100823.0
2025-04-22,330.04998779296875,390.1499938964844,329.04998779296875,390.1499938964844,386.40899658203125,809792.0
2025-04-23,422.0,462.75,408.6499938964844,438.0,433.8001708984375,2504179.0
2025-04-24,438.0,442.6499938964844,420.0,424.1499938964844,420.0829772949219,250731.0
2025-04-25,426.25,444.8999938964844,405.0,411.3999938964844,407.4552307128906,167053.0
2025-04-28,413.54998779296875,439.95001220703125,412.5,421.8999938964844,417.85455322265625,140686.0
2025-04-29,421.0,426.45001220703125,401.1499938964844,407.75,403.8402404785156,78844.0
2025-04-30,416.54998779296875,427.25,397.3500061035156,411.25,407.3066711425781,103445.0
2025-05-02,410.0,423.0,403.25,410.8500061035156,406.9104919433594,40562.0
2025-05-05,419.8999938964844,419.8999938964844,403.1000061035156,410.29998779296875,406.36578369140625,37366.0
2025-05-06,411.0,415.5,380.1499938964844,387.1000061035156,383.38824462890625,76815.0
2025-05-07,383.6000061035156,400.8999938964844,371.20001220703125,393.5,389.7268981933594,52642.0
2025-05-08,403.8999938964844,414.1000061035156,390.0,395.45001220703125,391.6581726074219,57997.0
2025-05-09,377.0,389.3999938964844,375.1499938964844,384.3999938964844,380.7141418457031,45683.0
2025-05-12,402.0,414.3999938964844,401.0,409.3999938964844,405.4743957519531,49121.0
2025-05-13,412.0,421.3999938964844,410.1499938964844,418.8500061035156,414.83380126953125,50352.0
2025-05-14,418.8999938964844,425.0,408.0,413.8500061035156,409.8817443847656,28092.0
2025-05-15,416.0,425.0,401.54998779296875,409.3999938964844,405.4743957519531,56072.0
2025-05-16,410.04998779296875,423.70001220703125,406.0,411.20001220703125,407.25714111328125,55641.0
2025-05-19,415.20001220703125,419.70001220703125,407.1499938964844,410.54998779296875,406.6133728027344,45682.0
2025-05-20,415.0,415.0,395.45001220703125,403.25,399.38336181640625,40210.0
2025-05-21,405.0,410.0,399.04998779296875,407.45001220703125,403.5431213378906,25665.0
2025-05-22,407.0,414.6000061035156,405.6000061035156,410.29998779296875,406.36578369140625,59629.0
2025-05-23,414.0,439.0,408.95001220703125,423.29998779296875,419.2411193847656,61510.0
2025-05-26,433.95001220703125,455.5,425.1499938964844,440.5,436.2762145996094,97798.0
2025-05-27,435.0,440.95001220703125,412.0,418.75,414.7347412109375,120343.0
2025-05-28,421.0,427.8500061035156,418.70001220703125,422.70001220703125,418.6468811035156,21019.0
2025-05-29,424.0,426.75,412.0,414.25,410.2779235839844,33981.0
2025-05-30,415.0,418.1499938964844,407.5,411.04998779296875,407.10858154296875,29404.0
2025-06-02,411.0,426.0,405.54998779296875,418.6000061035156,414.5862121582031,42572.0
2025-06-03,420.6499938964844,420.6499938964844,410.0,415.29998779296875,411.3178405761719,27130.0
2025-06-04,415.0,453.20001220703125,414.54998779296875,438.6499938964844,434.4439392089844,164533.0
2025-06-05,438.6499938964844,441.0,428.54998779296875,429.54998779296875,425.4311828613281,34483.0
2025-06-06,432.1499938964844,450.0,429.54998779296875,436.29998779296875,432.1164855957031,54475.0
2025-06-09,439.8999938964844,450.0,439.1000061035156,448.29998779296875,444.00140380859375,112008.0
2025-06-10,470.0,476.95001220703125,420.3999938964844,428.3500061035156,424.24273681640625,230573.0
2025-06-11,431.79998779296875,435.45001220703125,411.1499938964844,416.3500061035156,412.3577880859375,78340.0
2025-06-12,416.3500061035156,438.0,416.3500061035156,421.6000061035156,417.55743408203125,73970.0
2025-06-13,417.5,429.5,407.8500061035156,427.70001220703125,423.59893798828125,47131.0
2025-06-16,428.0,428.0,415.0,417.3500061035156,413.3481750488281,28306.0
2025-06-17,417.3999938964844,425.1000061035156,415.0,418.70001220703125,414.68524169921875,25062.0
2025-06-18,420.0,423.0,409.0,412.8999938964844,408.94085693359375,32247.0
2025-06-19,421.0,421.3500061035156,405.0,407.6000061035156,403.6916809082031,34775.0
2025-06-20,412.79998779296875,412.79998779296875,400.3500061035156,405.25,401.36419677734375,18452.0
2025-06-23,401.0,407.0,399.8500061035156,401.8999938964844,398.04632568359375,27032.0
2025-06-24,404.0,415.95001220703125,404.0,410.3500061035156,406.4153137207031,25134.0
2025-06-25,416.0,416.75,410.20001220703125,411.75,407.8018798828125,18729.0
2025-06-26,418.0,420.5,407.45001220703125,410.5,406.5638427734375,23771.0
2025-06-27,417.0,417.0,411.04998779296875,412.45001220703125,408.49517822265625,19995.0
2025-06-30,412.45001220703125,419.45001220703125,406.3500061035156,410.95001220703125,407.0095520019531,25706.0
2025-07-01,410.95001220703125,429.95001220703125,399.79998779296875,423.5,419.439208984375,49396.0
2025-07-02,420.1000061035156,454.79998779296875,405.0,431.3500061035156,427.21392822265625,104022.0
2025-07-03,428.1000061035156,439.45001220703125,424.04998779296875,429.6499938964844,425.5302429199219,47602.0
2025-07-04,429.6499938964844,435.20001220703125,421.25,422.6000061035156,418.5478515625,27068.0
2025-07-07,422.6000061035156,425.70001220703125,413.6000061035156,416.79998779296875,412.803466796875,18024.0
2025-07-08,412.04998779296875,421.1499938964844,406.54998779296875,411.3500061035156,407.4057312011719,50687.0
2025-07-09,413.3999938964844,435.0,412.6499938964844,423.6000061035156,419.53826904296875,46250.0
2025-07-10,431.0,436.45001220703125,418.0,420.6000061035156,416.5670166015625,67237.0
2025-07-11,416.8500061035156,428.6000061035156,414.6499938964844,417.54998779296875,413.5462646484375,47312.0
2025-07-14,417.54998779296875,417.54998779296875,407.5,409.04998779296875,405.12774658203125,37826.0
2025-07-15,413.0,414.5,405.0,405.79998779296875,401.9089050292969,41081.0
2025-07-16,411.0,412.1000061035156,402.29998779296875,408.3500061035156,404.4344787597656,47389.0
2025-07-17,409.5,429.95001220703125,409.5,422.70001220703125,418.6468811035156,84142.0
2025-07-18,423.0,426.8999938964844,418.3999938964844,420.6499938964844,416.6165466308594,20552.0
2025-07-21,421.04998779296875,448.0,397.6000061035156,435.8500061035156,431.6708068847656,299878.0
2025-07-22,435.45001220703125,435.45001220703125,415.0,421.6000061035156,417.55743408203125,82587.0
2025-07-23,425.0,425.3999938964844,401.1499938964844,409.04998779296875,405.12774658203125,101199.0
2025-07-24,411.04998779296875,413.3999938964844,405.0,406.6000061035156,402.7012634277344,25076.0
2025-07-25,410.8999938964844,413.0,402.3999938964844,403.54998779296875,399.6805114746094,18126.0
2025-07-28,399.8999938964844,407.79998779296875,393.0,394.6499938964844,390.8658142089844,29658.0
2025-07-29,396.70001220703125,399.25,386.04998779296875,391.0,387.2508544921875,32586.0
2025-07-30,393.0,399.75,390.0,392.0,388.24127197265625,25982.0
2025-07-31,389.95001220703125,389.95001220703125,384.6000061035156,386.8999938964844,383.1901550292969,30975.0
2025-08-01,388.20001220703125,388.20001220703125,378.0,379.70001220703125,376.0592041015625,28307.0
2025-08-04,381.70001220703125,382.79998779296875,366.3500061035156,369.75,366.2046203613281,57096.0
2025-08-05,374.0,378.45001220703125,355.3999938964844,358.54998779296875,355.11199951171875,62245.0
2025-08-06,355.75,363.0,343.6000061035156,348.5,347.094482421875,61491.0
2025-08-07,350.29998779296875,356.20001220703125,340.79998779296875,349.8500061035156,348.43902587890625,92728.0
2025-08-08,351.70001220703125,355.25,337.20001220703125,340.1499938964844,338.77813720703125,49437.0
2025-08-11,341.79998779296875,350.1499938964844,329.0,333.54998779296875,332.2047424316406,80509.0
2025-08-12,335.29998779296875,340.70001220703125,325.1499938964844,327.70001220703125,326.37835693359375,50179.0
2025-08-13,330.20001220703125,334.0,326.54998779296875,329.29998779296875,327.9718933105469,29714.0
2025-08-14,329.29998779296875,331.1499938964844,318.5,323.79998779296875,322.49407958984375,35610.0
2025-08-18,329.8999938964844,331.70001220703125,316.29998779296875,326.0,324.6852111816406,104829.0
2025-08-19,326.0,331.45001220703125,323.54998779296875,327.3500061035156,326.02978515625,76251.0
2025-08-20,330.0,332.0,321.3999938964844,327.54998779296875,326.22894287109375,91845.0
2025-08-21,330.5,340.0,320.0,323.75,322.44427490234375,183705.0
2025-08-22,323.75,330.0,323.75,325.5,324.1872253417969,51426.0
2025-08-25,327.0,330.0,318.75,321.04998779296875,319.7551574707031,47805.0
2025-08-26,320.0,324.1499938964844,317.1499938964844,318.8999938964844,317.61383056640625,58540.0
2025-08-28,325.29998779296875,326.0,306.5,309.1000061035156,307.8533935546875,79414.0
2025-08-29,310.6000061035156,317.0,307.6000061035156,311.54998779296875,310.2934875488281,71679.0
2025-09-01,312.79998779296875,315.0,306.0,309.3500061035156,308.10235595703125,110883.0
2025-09-02,309.0,316.5,309.0,312.75,311.4886474609375,114451.0
2025-09-03,314.3999938964844,319.75,312.0,316.20001220703125,314.92474365234375,122275.0
2025-09-04,317.8999938964844,321.79998779296875,312.20001220703125,313.20001220703125,311.9368591308594,69550.0
2025-09-05,315.25,339.79998779296875,314.45001220703125,333.04998779296875,331.7067565917969,205562.0
2025-09-08,335.70001220703125,337.3999938964844,325.70001220703125,328.5,327.1751403808594,55918.0
2025-09-09,330.20001220703125,331.75,325.54998779296875,326.0,324.6852111816406,37810.0
2025-09-10,328.95001220703125,332.0,326.1000061035156,328.6499938964844,327.32452392578125,34790.0
2025-09-11,332.0,372.1000061035156,327.3999938964844,344.25,342.8616027832031,944237.0
2025-09-12,347.70001220703125,354.0,340.45001220703125,344.45001220703125,343.0608215332031,179680.0
2025-09-15,346.6000061035156,370.0,340.79998779296875,355.8999938964844,354.4646301269531,187625.0
2025-09-16,356.6000061035156,364.0,350.1000061035156,351.70001220703125,350.2815856933594,61744.0
2025-09-17,351.70001220703125,354.45001220703125,347.8999938964844,349.45001220703125,348.0406494140625,38609.0
2025-09-18,351.29998779296875,355.0,347.25,349.75,348.33941650390625,33938.0
2025-09-19,350.5,351.6499938964844,343.8500061035156,346.25,344.8535461425781,49063.0
2025-09-22,347.6499938964844,362.75,344.29998779296875,348.75,347.3434753417969,92648.0
2025-09-23,349.70001220703125,356.0,346.5,347.54998779296875,346.1482849121094,46778.0
2025-09-24,344.3999938964844,351.29998779296875,330.6000061035156,334.54998779296875,333.2007141113281,104092.0
2025-09-25,331.20001220703125,338.25,324.5,327.8500061035156,326.52777099609375,52466.0
2025-09-26,324.8999938964844,331.25,319.0,323.3999938964844,322.095703125,45579.0
2025-09-29,325.3500061035156,325.3500061035156,314.20001220703125,315.8500061035156,314.5761413574219,58523.0
2025-09-30,317.3999938964844,320.0,313.5,315.45001220703125,314.1777648925781,59967.0
2025-10-01,317.1000061035156,321.70001220703125,314.04998779296875,318.3999938964844,317.1158447265625,67051.0
2025-10-03,320.0,322.1499938964844,317.8500061035156,320.6499938964844,319.3567810058594,127593.0
2025-10-06,323.1000061035156,324.95001220703125,314.04998779296875,315.1000061035156,313.8291931152344,59717.0
2025-10-07,315.1000061035156,318.6499938964844,313.25,314.25,312.98260498046875,49279.0
2025-10-08,317.3999938964844,317.3999938964844,305.54998779296875,309.0,307.7537841796875,51617.0
2025-10-09,311.5,324.8999938964844,311.20001220703125,319.8999938964844,318.60980224609375,128066.0
2025-10-10,316.8999938964844,323.0,316.3500061035156,320.20001220703125,318.90863037109375,52986.0
2025-10-13,320.0,321.3500061035156,312.0,315.29998779296875,314.0283508300781,51543.0
2025-10-14,315.29998779296875,322.29998779296875,311.0,312.6000061035156,311.3392639160156,43579.0
2025-10-15,315.0,323.75,308.3500061035156,312.1000061035156,310.8412780761719,47106.0
2025-10-16,313.95001220703125,325.20001220703125,313.8999938964844,320.5,319.2073974609375,93476.0
2025-10-17,322.0,337.45001220703125,315.6499938964844,325.45001220703125,324.137451171875,125182.0
2025-10-20,330.0,390.5,327.1000061035156,381.75,380.2103576660156,4499364.0
2025-10-21,381.0,422.0,375.25,413.70001220703125,412.0315246582031,1836565.0
2025-10-23,410.0,419.0,391.20001220703125,396.70001220703125,395.10009765625,855959.0
2025-10-24,395.1499938964844,403.54998779296875,388.20001220703125,396.75,395.1498718261719,311525.0
2025-10-27,396.75,403.6000061035156,380.95001220703125,383.1000061035156,381.554931640625,251878.0
2025-10-28,386.1499938964844,396.0,383.3999938964844,387.3500061035156,385.78778076171875,222930.0
2025-10-29,387.0,404.8500061035156,387.0,400.0,398.38677978515625,351990.0
2025-10-30,399.0,409.8999938964844,375.0,404.04998779296875,402.42041015625,798671.0
2025-10-31,414.70001220703125,447.0,408.3500061035156,431.54998779296875,429.80950927734375,2529987.0
2025-11-03,432.3500061035156,484.8999938964844,425.04998779296875,448.8999938964844,447.08953857421875,3812392.0
2025-11-04,448.0,456.6000061035156,441.04998779296875,446.79998779296875,444.9980163574219,500137.0
2025-11-06,449.70001220703125,461.95001220703125,438.6499938964844,452.3500061035156,450.525634765625,448060.0
2025-11-07,452.8999938964844,480.95001220703125,443.0,479.04998779296875,477.1179504394531,904307.0
2025-11-10,485.0,491.95001220703125,452.25,477.5,475.5741882324219,448268.0
2025-11-11,477.5,483.6499938964844,463.0,478.45001220703125,476.5203857421875,213079.0
2025-11-12,477.95001220703125,480.0,454.25,464.75,462.8756103515625,173269.0
2025-11-13,468.79998779296875,498.0,466.45001220703125,488.04998779296875,486.0816345214844,581135.0
2025-11-14,482.6000061035156,484.8500061035156,471.25,473.25,471.3413391113281,122893.0
2025-11-17,477.8999938964844,497.0,477.8500061035156,490.3999938964844,488.42218017578125,278531.0
2025-11-18,489.54998779296875,489.54998779296875,477.1499938964844,478.8999938964844,476.9685363769531,73945.0
2025-11-19,478.45001220703125,478.45001220703125,445.79998779296875,449.0,447.18914794921875,353952.0
2025-11-20,449.0,459.8999938964844,443.75,448.1000061035156,446.29278564453125,146582.0
2025-11-21,448.1000061035156,448.1000061035156,426.3500061035156,437.5,435.73553466796875,178488.0
2025-11-24,437.0,437.5,421.0,422.70001220703125,420.9952392578125,137161.0
2025-11-25,420.8500061035156,446.3999938964844,420.6499938964844,440.8500061035156,439.072021484375,202419.0
2025-11-26,447.8500061035156,447.8500061035156,425.1000061035156,430.25,428.5147705078125,89050.0
2025-11-27,431.95001220703125,445.0,430.0,432.29998779296875,430.5564880371094,131005.0
2025-11-28,435.95001220703125,443.75,429.04998779296875,433.95001220703125,432.1998596191406,87726.0
2025-12-01,433.0,442.0,426.5,438.95001220703125,437.1796875,90135.0
2025-12-02,438.8500061035156,443.6000061035156,432.04998779296875,436.3500061035156,434.5901794433594,68897.0
2025-12-03,436.3500061035156,439.75,430.0,437.6000061035156,435.8351135253906,46498.0
2025-12-04,432.8999938964844,459.0,430.0,447.6000061035156,445.7947998046875,174394.0
2025-12-05,447.6000061035156,461.0,440.25,446.8999938964844,445.09759521484375,130859.0
2025-12-08,442.0,442.95001220703125,418.29998779296875,425.29998779296875,423.584716796875,117050.0
2025-12-09,424.0,454.8999938964844,420.95001220703125,441.8999938964844,440.1177673339844,144487.0
2025-12-10,437.5,452.20001220703125,432.0,433.8999938964844,432.1500244140625,61501.0
2025-12-11,442.5,447.20001220703125,433.0,439.8500061035156,438.0760498046875,60444.0
2025-12-12,437.8500061035156,456.20001220703125,437.8500061035156,445.29998779296875,443.5040588378906,82542.0
2025-12-15,450.0,473.25,445.1499938964844,466.1499938964844,464.26995849609375,230327.0
2025-12-16,463.25,466.54998779296875,458.3500061035156,462.70001220703125,460.8338928222656,75008.0
2025-12-17,460.95001220703125,462.6499938964844,440.3500061035156,445.25,443.4542541503906,96577.0
2025-12-18,444.29998779296875,452.1000061035156,430.20001220703125,448.6499938964844,446.8405456542969,91483.0
2025-12-19,448.0,469.20001220703125,448.0,452.0,450.1770324707031,119645.0
2025-12-22,450.0,478.8999938964844,450.0,467.8500061035156,465.963134765625,145518.0
2025-12-23,472.8999938964844,485.0,468.6499938964844,474.20001220703125,472.28753662109375,171456.0
2025-12-24,472.0,475.95001220703125,468.75,472.04998779296875,470.14617919921875,70779.0
2025-12-26,472.0,475.0,458.45001220703125,460.95001220703125,459.0909729003906,57979.0
2025-12-29,460.95001220703125,460.95001220703125,435.3999938964844,447.25,445.4461975097656,127326.0
2025-12-30,448.0,459.8500061035156,439.5,442.54998779296875,440.76513671875,87134.0
2025-12-31,443.0,468.0,443.0,465.75,463.87158203125,117474.0
2026-01-01,463.0,474.5,458.3500061035156,461.1499938964844,459.2901306152344,57316.0
2026-01-02,462.75,470.95001220703125,459.8500061035156,463.8999938964844,462.029052734375,64659.0
2026-01-05,468.6499938964844,494.5,466.20001220703125,489.79998779296875,487.8245849609375,472879.0
2026-01-06,492.0,494.45001220703125,482.6000061035156,487.6000061035156,485.63348388671875,138031.0
2026-01-07,492.0,522.0,487.6000061035156,519.5499877929688,517.45458984375,935120.0
2026-01-08,523.3499755859375,540.0,498.04998779296875,513.9000244140625,511.8274230957031,881402.0
2026-01-09,516.0,516.0,454.0,462.75,460.8836975097656,534108.0
2026-01-12,464.79998779296875,490.54998779296875,442.6000061035156,483.29998779296875,481.3507995605469,368152.0
2026-01-13,490.0,532.0,489.70001220703125,526.0999755859375,523.9781494140625,980751.0
2026-01-14,526.0999755859375,538.5,510.0,524.6500244140625,522.5340576171875,311971.0
2026-01-15,524.6500244140625,524.6500244140625,524.6500244140625,524.6500244140625,522.5340576171875,0.0
2026-01-16,525.0,536.0,514.9000244140625,524.75,522.6336669921875,147243.0
2026-01-19,526.7999877929688,526.7999877929688,495.45001220703125,501.1000061035156,499.07904052734375,149232.0
2026-01-20,499.95001220703125,499.95001220703125,462.54998779296875,468.29998779296875,466.4112854003906,210909.0
2026-01-21,460.0,507.70001220703125,460.0,474.6000061035156,472.6859130859375,838804.0
2026-01-22,482.8999938964844,491.45001220703125,467.1000061035156,472.8999938964844,470.99273681640625,202847.0
2026-01-23,471.95001220703125,486.3999938964844,450.3999938964844,455.29998779296875,453.4637145996094,214454.0
2026-01-27,453.25,457.20001220703125,425.0,431.3500061035156,429.6103210449219,253907.0
2026-01-28,431.3500061035156,446.5,431.3500061035156,437.45001220703125,435.68572998046875,110863.0
2026-01-29,437.45001220703125,439.45001220703125,409.04998779296875,413.6000061035156,411.9319152832031,233000.0
2026-01-30,413.5,421.70001220703125,401.1000061035156,407.1499938964844,405.5079345703125,163255.0
2026-02-02,406.3500061035156,413.95001220703125,392.1000061035156,399.04998779296875,397.4405822753906,161453.0
2026-02-03,433.0,439.8999938964844,410.1499938964844,429.54998779296875,427.81756591796875,140516.0
2026-02-04,421.0,458.70001220703125,421.0,451.0,449.18109130859375,135950.0
2026-02-05,445.0,465.6000061035156,439.75,460.75,458.8917541503906,138969.0
2026-02-06,455.0,472.0,450.29998779296875,469.6499938964844,467.755859375,113662.0
2026-02-09,471.8999938964844,484.54998779296875,471.20001220703125,475.95001220703125,474.03045654296875,124247.0
2026-02-10,484.0,494.0,483.8500061035156,489.75,487.7747802734375,109209.0
2026-02-11,491.79998779296875,502.0,470.04998779296875,473.79998779296875,471.88909912109375,120417.0
2026-02-12,473.79998779296875,485.1000061035156,472.20001220703125,477.8999938964844,475.97259521484375,52700.0
2026-02-13,474.20001220703125,474.20001220703125,457.04998779296875,466.04998779296875,464.1703796386719,74270.0
2026-02-16,466.0,471.54998779296875,458.54998779296875,467.1499938964844,465.26593017578125,40364.0
2026-02-17,469.5,480.0,449.25,460.04998779296875,458.194580078125,113669.0
2026-02-18,462.79998779296875,466.0,451.0,453.75,451.91998291015625,55453.0
2026-02-19,454.20001220703125,458.70001220703125,435.0,438.75,436.98046875,67671.0
2026-02-20,438.5,442.0,427.1499938964844,431.8500061035156,430.1083068847656,64795.0
2026-02-23,435.0,439.54998779296875,420.8500061035156,426.54998779296875,424.8296813964844,90585.0
2026-02-24,426.0,429.20001220703125,410.0,413.1499938964844,411.4837341308594,88407.0
2026-02-25,415.95001220703125,424.5,414.25,420.95001220703125,419.2522888183594,69470.0
2026-02-26,420.95001220703125,432.04998779296875,418.04998779296875,421.75,420.0490417480469,62557.0
2026-02-27,420.0,423.1499938964844,411.0,416.75,415.0692138671875,60009.0
2026-03-02,397.0,422.70001220703125,397.0,413.3999938964844,411.73272705078125,98302.0
2026-03-04,402.8500061035156,406.79998779296875,395.0,400.70001220703125,399.0839538574219,98147.0
2026-03-05,402.6499938964844,413.8999938964844,400.8999938964844,405.29998779296875,403.6653747558594,57613.0
2026-03-06,401.6499938964844,406.20001220703125,394.79998779296875,395.79998779296875,394.2037048339844,73476.0
2026-03-09,390.0,390.0,377.0,384.6499938964844,383.0986633300781,83461.0
2026-03-10,387.5,396.95001220703125,386.70001220703125,394.1000061035156,392.51055908203125,46565.0
2026-03-11,396.0,401.70001220703125,388.0,389.1000061035156,387.5307312011719,45071.0
2026-03-12,386.20001220703125,392.20001220703125,376.3500061035156,386.45001220703125,384.89141845703125,55378.0
2026-03-13,385.70001220703125,385.70001220703125,362.70001220703125,367.6499938964844,366.167236328125,123647.0
2026-03-16,368.0,378.6499938964844,351.1000061035156,367.1499938964844,365.66925048828125,108799.0
2026-03-17,368.0,378.25,363.0,375.04998779296875,373.5373840332031,66045.0
2026-03-18,370.1499938964844,399.1499938964844,370.1499938964844,388.29998779296875,386.73394775390625,109502.0
2026-03-19,380.0,383.5,366.0,370.29998779296875,368.8065490722656,58004.0
2026-03-20,373.8999938964844,385.0,369.75,370.6499938964844,369.1551208496094,53092.0
2026-03-23,365.0,365.0,341.6000061035156,347.20001220703125,345.7997131347656,80002.0
2026-03-24,359.8999938964844,360.8999938964844,348.5,356.1499938964844,354.713623046875,70822.0
2026-03-25,354.0,381.29998779296875,354.0,369.6499938964844,368.1591491699219,98851.0
2026-03-27,363.8500061035156,368.1000061035156,345.0,348.6000061035156,347.1940612792969,175440.0
2026-03-30,344.04998779296875,348.3999938964844,323.8999938964844,329.8500061035156,328.5196838378906,138540.0
2026-04-01,343.0,370.6499938964844,340.0,362.54998779296875,361.0877990722656,101141.0
2026-04-02,365.8999938964844,374.3999938964844,350.04998779296875,371.3500061035156,369.8523254394531,87712.0
2026-04-06,365.0,375.6000061035156,365.0,369.79998779296875,368.3085632324219,80121.0
2026-04-07,373.0,381.0,367.29998779296875,369.95001220703125,368.4579772949219,58327.0
2026-04-08,400.95001220703125,400.95001220703125,381.0,391.6000061035156,390.0206604003906,82540.0
2026-04-09,391.6000061035156,402.0,386.0,388.25,386.68414306640625,51968.0
2026-04-10,390.1499938964844,416.0,390.1499938964844,400.75,399.13372802734375,140525.0
2026-04-13,387.0,411.8999938964844,385.0,404.70001220703125,403.06781005859375,78922.0
2026-04-15,413.0,424.0,412.0,419.8999938964844,418.2065124511719,82586.0
2026-04-16,422.8999938964844,426.1000061035156,414.5,422.1000061035156,420.39764404296875,66985.0
2026-04-17,420.0,436.8999938964844,417.0,429.3999938964844,427.6681823730469,118118.0
2026-04-20,434.95001220703125,449.8999938964844,426.04998779296875,435.45001220703125,433.6938171386719,167806.0
2026-04-21,444.0,450.0,436.0,438.95001220703125,437.1796875,240781.0
2026-04-22,412.0,428.95001220703125,401.54998779296875,416.54998779296875,414.8699951171875,482376.0
2026-04-23,418.0,424.6000061035156,411.0,420.3500061035156,418.6546936035156,153313.0
2026-04-24,425.0,429.70001220703125,403.6499938964844,419.04998779296875,417.35992431640625,175743.0
2026-04-27,418.0,442.0,418.0,437.45001220703125,435.68572998046875,139254.0
2026-04-28,438.0,455.0,435.75,439.5,437.7274475097656,152273.0
2026-04-29,445.0,449.79998779296875,435.1000061035156,438.45001220703125,436.68170166015625,76290.0
2026-04-30,437.5,445.5,429.25,444.3500061035156,442.5578918457031,70444.0
2026-05-04,446.70001220703125,452.0,443.75,447.6499938964844,445.8445739746094,68281.0
2026-05-05,447.6499938964844,452.3999938964844,441.95001220703125,445.1499938964844,443.35467529296875,48655.0
2026-05-06,448.0,449.3500061035156,439.3999938964844,447.29998779296875,445.4960021972656,47927.0
2026-05-07,449.0,464.75,445.3999938964844,451.70001220703125,449.8782653808594,114199.0
2026-05-08,455.0,460.79998779296875,445.0,446.20001220703125,444.40045166015625,64197.0
2026-05-11,446.20001220703125,446.25,424.1000061035156,427.6000061035156,425.8754577636719,83644.0
2026-05-12,423.0,433.20001220703125,403.0,406.04998779296875,404.412353515625,122957.0
2026-05-13,411.6000061035156,419.8500061035156,405.0,416.1000061035156,414.4218444824219,41253.0
2026-05-14,418.0,421.25,409.6000061035156,411.1000061035156,409.4420166015625,41499.0
2026-05-15,415.20001220703125,423.54998779296875,408.25,413.1000061035156,411.4339294433594,51419.0
2026-05-18,406.0,407.04998779296875,395.0,398.3999938964844,396.793212890625,95825.0
2026-05-19,401.29998779296875,411.8999938964844,398.70001220703125,410.1000061035156,408.446044921875,61177.0
2026-05-20,406.0,416.5,405.1000061035156,410.20001220703125,408.545654296875,51595.0
2026-05-21,412.29998779296875,419.0,408.20001220703125,410.8999938964844,409.2427978515625,57418.0
2026-05-22,414.0,415.3500061035156,408.0,411.1499938964844,409.4917907714844,42141.0
2026-05-25,421.8500061035156,426.0,414.6000061035156,423.25,421.5429992675781,58188.0
2026-05-26,423.25,428.20001220703125,413.1000061035156,415.1000061035156,413.4258728027344,45430.0
2026-05-27,418.0,425.5,415.25,420.95001220703125,419.2522888183594,45067.0
2026-05-28,420.95001220703125,420.95001220703125,420.95001220703125,420.95001220703125,419.2522888183594,0.0
2026-05-29,425.0,425.0,405.04998779296875,410.75,409.0934143066406,48852.0
2026-06-01,410.8500061035156,418.8999938964844,410.04998779296875,413.8999938964844,412.230712890625,33423.0
2026-06-02,411.5,416.5,408.54998779296875,415.29998779296875,413.62506103515625,18755.0
2026-06-03,411.1499938964844,419.29998779296875,406.20001220703125,412.6499938964844,410.9857482910156,24070.0
2026-06-04,410.0,435.0,410.0,428.1499938964844,426.4232177734375,74362.0
2026-06-05,434.0,443.95001220703125,429.1499938964844,432.1499938964844,430.4071044921875,81406.0
2026-06-08,416.0,438.3999938964844,416.0,427.45001220703125,425.72607421875,62595.0
2026-06-09,432.54998779296875,448.5,426.54998779296875,445.6000061035156,443.8028564453125,105839.0
2026-06-10,446.1000061035156,473.95001220703125,434.5,441.45001220703125,439.66961669921875,160653.0
2026-06-11,440.70001220703125,448.29998779296875,435.0,437.5,435.73553466796875,64454.0
2026-06-12,436.0,465.8999938964844,436.0,459.20001220703125,457.3480224609375,155486.0
2026-06-15,465.0,468.95001220703125,453.6499938964844,455.8500061035156,454.01153564453125,63168.0
2026-06-16,456.8999938964844,462.95001220703125,448.0,452.70001220703125,450.8742370605469,56406.0
2026-06-17,452.70001220703125,460.0,452.0,453.95001220703125,452.11920166015625,29279.0
2026-06-18,454.70001220703125,461.0,451.04998779296875,454.6000061035156,452.7665710449219,34882.0
2026-06-19,454.5,459.25,446.25,448.6000061035156,446.790771484375,54525.0
2026-06-22,459.6000061035156,470.0,451.8500061035156,464.0,462.128662109375,102964.0
2026-06-23,464.8500061035156,469.1000061035156,447.1000061035156,449.95001220703125,448.13531494140625,41657.0
2026-06-24,452.1499938964844,452.95001220703125,440.04998779296875,443.5,441.7113342285156,30349.0
2026-06-25,443.0,446.0,432.0,433.5,431.75164794921875,62122.0
2026-06-26,433.5,433.5,433.5,433.5,431.75164794921875,0.0
2026-06-29,435.6499938964844,444.45001220703125,430.79998779296875,434.0,432.2496337890625,34383.0
2026-06-30,433.5,444.54998779296875,426.8500061035156,441.3999938964844,439.6197814941406,46816.0
2026-07-01,436.1499938964844,452.54998779296875,436.1499938964844,448.75,446.9401550292969,50511.0
2026-07-02,450.70001220703125,458.0,442.54998779296875,453.25,451.4219970703125,55917.0
2026-07-03,457.0,467.0,450.0,453.04998779296875,451.2228088378906,51692.0
2026-07-06,456.3500061035156,479.0,450.54998779296875,467.25,465.36553955078125,114361.0
2026-07-07,467.25,492.70001220703125,463.6000061035156,479.3999938964844,477.4665222167969,187612.0
2026-07-08,479.3999938964844,493.70001220703125,458.79998779296875,464.8999938964844,463.0250244140625,161204.0
2026-07-09,468.1000061035156,478.0,460.20001220703125,465.75,463.87158203125,87020.0
2026-07-10,470.0,492.95001220703125,468.8999938964844,482.04998779296875,480.1058349609375,93826.0
2026-07-13,482.0,495.45001220703125,478.0,480.79998779296875,478.8608703613281,116736.0
2026-07-14,481.0,484.70001220703125,471.75,477.1499938964844,475.2256164550781,54044.0
2026-07-15,477.5,489.0,468.6000061035156,485.20001220703125,483.2431640625,75043.0
2026-07-16,488.0,515.0,480.79998779296875,495.8999938964844,493.8999938964844,348618.0
2026-07-17,500.0,503.3500061035156,472.0,485.8500061035156,485.8500061035156,126970.0
2026-07-20,483.0,495.0,476.0,483.6000061035156,483.6000061035156,96740.0
2026-07-21,472.5,544.0,472.5,509.8999938964844,509.8999938964844,2517200.0
2026-07-22,504.0,508.70001220703125,491.54998779296875,495.3500061035156,495.3500061035156,139256.0
2026-07-23,493.0,521.0,488.79998779296875,501.54998779296875,501.54998779296875,259846.0
2026-07-24,490.0,524.0,481.1000061035156,488.29998779296875,488.29998779296875,1415765.0
2026-07-27,497.0,519.6500244140625,495.0,504.5,504.5,459053.0
2026-07-28,507.0,508.8500061035156,480.1499938964844,486.45001220703125,486.45001220703125,180773.0
2026-07-29,491.0,510.95001220703125,491.0,498.8999938964844,498.8999938964844,169791.0
2026-07-30,498.8999938964844,499.3999938964844,476.8500061035156,482.04998779296875,482.04998779296875,100302.0
2026-07-31,484.0,498.0,481.0,495.0,495.0,114156.0
2026-08-03,500.0,518.0,497.04998779296875,513.5,513.5,154143.0
2026-08-04,520.0,553.0,515.3499755859375,540.0499877929688,540.0499877929688,796001.0
2026-08-05,544.7999877929688,563.9500122070312,533.0999755859375,536.7000122070312,536.7000122070312,346682.0
2026-08-06,536.7000122070312,546.25,517.2000122070312,521.9500122070312,521.9500122070312,168860.0
2026-08-07,522.0,530.8499755859375,521.9500122070312,525.0,525.0,77052.0
2026-08-10,523.8499755859375,531.4000244140625,512.0,527.2000122070312,527.2000122070312,101056.0
2026-08-11,528.0,537.9500122070312,517.0,518.5999755859375,518.5999755859375,72755.0
2026-08-12,522.3499755859375,524.9500122070312,515.0,518.5,518.5,56723.0
2026-08-13,518.5,536.5999755859375,515.0499877929688,529.8499755859375,529.8499755859375,90303.0
2026-08-14,528.0,532.2999877929688,514.0,515.7999877929688,515.7999877929688,73116.0
2026-08-17,518.0,520.0,508.1499938964844,516.7999877929688,516.7999877929688,61508.0
2026-08-18,516.0,519.0,504.25,512.0,512.0,53372.0
2026-08-19,507.0,518.0,503.29998779296875,506.20001220703125,506.20001220703125,54851.0
2026-08-20,508.0,513.8499755859375,501.0,505.3500061035156,505.3500061035156,52703.0
2026-08-21,503.1000061035156,512.0,494.20001220703125,501.75,501.75,87280.0
2026-08-24,498.1000061035156,506.0,485.0,490.20001220703125,490.20001220703125,100714.0
2026-08-25,488.0,497.0,483.04998779296875,489.75,489.75,66384.0
2026-08-26,490.0,500.0,483.54998779296875,495.75,495.75,59821.0
2026-08-27,495.75,509.0,485.25,489.54998779296875,489.54998779296875,70021.0
2026-08-28,492.95001220703125,500.0,487.0,496.6499938964844,496.6499938964844,77735.0
2026-08-31,493.0,502.0,484.54998779296875,497.1499938964844,497.1499938964844,73943.0
2026-09-01,499.8999938964844,508.0,490.79998779296875,496.70001220703125,496.70001220703125,100568.0
2026-09-02,496.70001220703125,496.70001220703125,487.54998779296875,490.45001220703125,490.45001220703125,31340.0
2026-09-03,495.0,508.0,491.0,495.1000061035156,495.1000061035156,100819.0
2026-09-04,495.1499938964844,504.8999938964844,488.0,498.3500061035156,498.3500061035156,99899.0
2026-09-07,502.0,508.29998779296875,485.45001220703125,488.79998779296875,488.79998779296875,75607.0
2026-09-08,491.70001220703125,499.79998779296875,486.29998779296875,496.79998779296875,496.79998779296875,73019.0
2026-09-09,496.79998779296875,529.9500122070312,490.54998779296875,520.8499755859375,520.8499755859375,285802.0
2026-09-10,528.6500244140625,534.7999877929688,505.8500061035156,509.6499938964844,509.6499938964844,120155.0
2026-09-11,507.45001220703125,507.45001220703125,492.79998779296875,498.1499938964844,498.1499938964844,79238.0
2026-09-15,495.20001220703125,498.1000061035156,474.79998779296875,485.1000061035156,485.1000061035156,153887.0
