date,open,high,low,close,adjclose,volume
2021-09-15,8.0,8.399999618530273,7.949999809265137,8.399999618530273,8.399999618530273,13847.0
2021-09-16,8.800000190734863,8.800000190734863,8.0,8.350000381469727,8.350000381469727,11911.0
2021-09-17,8.350000381469727,8.350000381469727,8.350000381469727,8.350000381469727,8.350000381469727,2530.0
2021-09-20,8.199999809265137,8.199999809265137,8.199999809265137,8.199999809265137,8.199999809265137,9.0
2021-09-21,8.0,8.0,8.0,8.0,8.0,100.0
2021-09-22,7.599999904632568,7.599999904632568,7.599999904632568,7.599999904632568,7.599999904632568,2900.0
2021-09-23,7.599999904632568,7.599999904632568,7.400000095367432,7.599999904632568,7.599999904632568,2311.0
2021-09-24,7.599999904632568,7.599999904632568,7.599999904632568,7.599999904632568,7.599999904632568,0.0
2021-09-27,7.599999904632568,7.599999904632568,7.599999904632568,7.599999904632568,7.599999904632568,0.0
2021-09-28,7.25,7.25,7.25,7.25,7.25,500.0
2021-09-29,6.900000095367432,7.0,6.900000095367432,7.0,7.0,4180.0
2021-09-30,6.650000095367432,6.650000095367432,6.650000095367432,6.650000095367432,6.650000095367432,900.0
2021-10-01,6.349999904632568,6.349999904632568,6.349999904632568,6.349999904632568,6.349999904632568,496.0
2021-10-04,6.050000190734863,6.099999904632568,6.050000190734863,6.050000190734863,6.050000190734863,607.0
2021-10-05,5.75,5.75,5.75,5.75,5.75,5.0
2021-10-06,5.75,5.75,5.75,5.75,5.75,0.0
2021-10-07,5.5,6.0,5.5,6.0,6.0,450.0
2021-10-08,6.0,6.0,6.0,6.0,6.0,1010.0
2021-10-11,6.300000190734863,6.300000190734863,6.300000190734863,6.300000190734863,6.300000190734863,100.0
2021-10-12,6.599999904632568,6.599999904632568,6.599999904632568,6.599999904632568,6.599999904632568,300.0
2021-10-13,6.900000095367432,6.900000095367432,6.900000095367432,6.900000095367432,6.900000095367432,405.0
2021-10-14,7.199999809265137,7.199999809265137,7.199999809265137,7.199999809265137,7.199999809265137,147.0
2021-10-18,7.550000190734863,7.550000190734863,7.550000190734863,7.550000190734863,7.550000190734863,2808.0
2021-10-19,7.900000095367432,7.900000095367432,7.900000095367432,7.900000095367432,7.900000095367432,11253.0
2021-10-20,8.25,8.25,8.25,8.25,8.25,12417.0
2021-10-21,8.449999809265137,8.649999618530273,7.849999904632568,8.550000190734863,8.550000190734863,11576.0
2021-10-22,8.550000190734863,8.949999809265137,8.5,8.949999809265137,8.949999809265137,17568.0
2021-10-25,8.600000381469727,9.350000381469727,8.550000190734863,8.600000381469727,8.600000381469727,19844.0
2021-10-26,9.0,9.0,8.25,9.0,9.0,8780.0
2021-10-27,9.350000381469727,9.449999809265137,9.350000381469727,9.449999809265137,9.449999809265137,14507.0
2021-10-28,9.899999618530273,9.899999618530273,9.050000190734863,9.850000381469727,9.850000381469727,79237.0
2021-10-29,9.850000381469727,9.850000381469727,9.399999618530273,9.699999809265137,9.699999809265137,18955.0
2021-11-01,9.699999809265137,9.699999809265137,9.699999809265137,9.699999809265137,9.699999809265137,0.0
2021-11-02,9.699999809265137,9.699999809265137,9.699999809265137,9.699999809265137,9.699999809265137,0.0
2021-11-03,9.699999809265137,9.699999809265137,9.699999809265137,9.699999809265137,9.699999809265137,0.0
2021-11-04,9.699999809265137,9.699999809265137,9.699999809265137,9.699999809265137,9.699999809265137,0.0
2021-11-08,9.399999618530273,9.399999618530273,9.25,9.350000381469727,9.350000381469727,13811.0
2021-11-09,9.350000381469727,9.350000381469727,9.350000381469727,9.350000381469727,9.350000381469727,0.0
2021-11-10,9.350000381469727,9.350000381469727,9.350000381469727,9.350000381469727,9.350000381469727,0.0
2021-11-11,9.350000381469727,9.350000381469727,9.350000381469727,9.350000381469727,9.350000381469727,0.0
2021-11-12,9.350000381469727,9.350000381469727,9.350000381469727,9.350000381469727,9.350000381469727,0.0
2021-11-15,9.350000381469727,9.800000190734863,9.050000190734863,9.050000190734863,9.050000190734863,14750.0
2021-11-16,9.050000190734863,9.050000190734863,9.050000190734863,9.050000190734863,9.050000190734863,0.0
2021-11-17,9.050000190734863,9.050000190734863,9.050000190734863,9.050000190734863,9.050000190734863,0.0
2021-11-18,9.050000190734863,9.050000190734863,9.050000190734863,9.050000190734863,9.050000190734863,0.0
2021-11-22,9.050000190734863,9.050000190734863,9.050000190734863,9.050000190734863,9.050000190734863,0.0
2021-11-23,9.050000190734863,9.050000190734863,9.050000190734863,9.050000190734863,9.050000190734863,0.0
2021-11-24,9.050000190734863,9.050000190734863,9.050000190734863,9.050000190734863,9.050000190734863,0.0
2021-11-25,9.050000190734863,9.050000190734863,9.050000190734863,9.050000190734863,9.050000190734863,0.0
2021-11-26,9.050000190734863,9.050000190734863,9.050000190734863,9.050000190734863,9.050000190734863,0.0
2021-11-29,9.5,9.5,8.649999618530273,9.5,9.5,67706.0
2021-11-30,9.5,9.5,9.5,9.5,9.5,0.0
2021-12-01,9.5,9.5,9.5,9.5,9.5,0.0
2021-12-02,9.5,9.5,9.5,9.5,9.5,0.0
2021-12-03,9.5,9.5,9.5,9.5,9.5,0.0
2021-12-06,9.949999809265137,9.949999809265137,9.949999809265137,9.949999809265137,9.949999809265137,162770.0
2021-12-07,9.949999809265137,9.949999809265137,9.949999809265137,9.949999809265137,9.949999809265137,0.0
2021-12-08,9.949999809265137,9.949999809265137,9.949999809265137,9.949999809265137,9.949999809265137,0.0
2021-12-09,9.949999809265137,9.949999809265137,9.949999809265137,9.949999809265137,9.949999809265137,0.0
2021-12-10,9.949999809265137,9.949999809265137,9.949999809265137,9.949999809265137,9.949999809265137,0.0
2021-12-13,10.399999618530273,10.399999618530273,10.399999618530273,10.399999618530273,10.399999618530273,236192.0
2021-12-14,10.399999618530273,10.399999618530273,10.399999618530273,10.399999618530273,10.399999618530273,0.0
2021-12-15,10.399999618530273,10.399999618530273,10.399999618530273,10.399999618530273,10.399999618530273,0.0
2021-12-16,10.399999618530273,10.399999618530273,10.399999618530273,10.399999618530273,10.399999618530273,0.0
2021-12-17,10.399999618530273,10.399999618530273,10.399999618530273,10.399999618530273,10.399999618530273,0.0
2021-12-20,10.399999618530273,10.399999618530273,10.149999618530273,10.399999618530273,10.399999618530273,149410.0
2021-12-21,10.399999618530273,10.399999618530273,10.399999618530273,10.399999618530273,10.399999618530273,0.0
2021-12-22,10.399999618530273,10.399999618530273,10.399999618530273,10.399999618530273,10.399999618530273,0.0
2021-12-23,10.399999618530273,10.399999618530273,10.399999618530273,10.399999618530273,10.399999618530273,0.0
2021-12-24,10.399999618530273,10.399999618530273,10.399999618530273,10.399999618530273,10.399999618530273,0.0
2021-12-27,10.399999618530273,10.399999618530273,10.399999618530273,10.399999618530273,10.399999618530273,15226.0
2021-12-28,10.399999618530273,10.399999618530273,10.399999618530273,10.399999618530273,10.399999618530273,0.0
2021-12-29,10.399999618530273,10.399999618530273,10.399999618530273,10.399999618530273,10.399999618530273,0.0
2021-12-30,10.399999618530273,10.399999618530273,10.399999618530273,10.399999618530273,10.399999618530273,0.0
2021-12-31,10.399999618530273,10.399999618530273,10.399999618530273,10.399999618530273,10.399999618530273,0.0
2022-01-03,10.399999618530273,10.399999618530273,10.399999618530273,10.399999618530273,10.399999618530273,15479.0
2022-01-04,10.399999618530273,10.399999618530273,10.399999618530273,10.399999618530273,10.399999618530273,0.0
2022-01-05,10.399999618530273,10.399999618530273,10.399999618530273,10.399999618530273,10.399999618530273,0.0
2022-01-06,10.399999618530273,10.399999618530273,10.399999618530273,10.399999618530273,10.399999618530273,0.0
2022-01-07,10.399999618530273,10.399999618530273,10.399999618530273,10.399999618530273,10.399999618530273,0.0
2022-01-10,10.399999618530273,10.899999618530273,10.399999618530273,10.899999618530273,10.899999618530273,10341.0
2022-01-11,10.899999618530273,10.899999618530273,10.899999618530273,10.899999618530273,10.899999618530273,0.0
2022-01-12,10.899999618530273,10.899999618530273,10.899999618530273,10.899999618530273,10.899999618530273,0.0
2022-01-13,10.899999618530273,10.899999618530273,10.899999618530273,10.899999618530273,10.899999618530273,0.0
2022-01-14,10.899999618530273,10.899999618530273,10.899999618530273,10.899999618530273,10.899999618530273,0.0
2022-01-17,10.899999618530273,10.899999618530273,10.899999618530273,10.899999618530273,10.899999618530273,16947.0
2022-01-18,10.899999618530273,10.899999618530273,10.899999618530273,10.899999618530273,10.899999618530273,0.0
2022-01-19,10.899999618530273,10.899999618530273,10.899999618530273,10.899999618530273,10.899999618530273,0.0
2022-01-20,10.899999618530273,10.899999618530273,10.899999618530273,10.899999618530273,10.899999618530273,0.0
2022-01-21,10.899999618530273,10.899999618530273,10.899999618530273,10.899999618530273,10.899999618530273,0.0
2022-01-24,10.899999618530273,10.899999618530273,10.899999618530273,10.899999618530273,10.899999618530273,20589.0
2022-01-25,10.899999618530273,10.899999618530273,10.899999618530273,10.899999618530273,10.899999618530273,0.0
2022-01-27,10.899999618530273,10.899999618530273,10.899999618530273,10.899999618530273,10.899999618530273,0.0
2022-01-28,10.899999618530273,10.899999618530273,10.899999618530273,10.899999618530273,10.899999618530273,0.0
2022-01-31,10.899999618530273,10.899999618530273,10.899999618530273,10.899999618530273,10.899999618530273,22920.0
2022-02-01,10.899999618530273,10.899999618530273,10.899999618530273,10.899999618530273,10.899999618530273,0.0
2022-02-02,10.899999618530273,10.899999618530273,10.899999618530273,10.899999618530273,10.899999618530273,0.0
2022-02-03,10.899999618530273,10.899999618530273,10.899999618530273,10.899999618530273,10.899999618530273,0.0
2022-02-04,10.899999618530273,10.899999618530273,10.899999618530273,10.899999618530273,10.899999618530273,0.0
2022-02-07,10.899999618530273,10.899999618530273,10.899999618530273,10.899999618530273,10.899999618530273,5689.0
2022-02-08,10.899999618530273,10.899999618530273,10.899999618530273,10.899999618530273,10.899999618530273,0.0
2022-02-09,10.899999618530273,10.899999618530273,10.899999618530273,10.899999618530273,10.899999618530273,0.0
2022-02-10,10.899999618530273,10.899999618530273,10.899999618530273,10.899999618530273,10.899999618530273,0.0
2022-02-11,10.899999618530273,10.899999618530273,10.899999618530273,10.899999618530273,10.899999618530273,0.0
2022-02-14,11.399999618530273,11.399999618530273,11.399999618530273,11.399999618530273,11.399999618530273,5823.0
2022-02-15,11.399999618530273,11.399999618530273,11.399999618530273,11.399999618530273,11.399999618530273,0.0
2022-02-16,11.399999618530273,11.399999618530273,11.399999618530273,11.399999618530273,11.399999618530273,0.0
2022-02-17,11.399999618530273,11.399999618530273,11.399999618530273,11.399999618530273,11.399999618530273,0.0
2022-02-18,11.399999618530273,11.399999618530273,11.399999618530273,11.399999618530273,11.399999618530273,0.0
2022-02-21,11.399999618530273,11.399999618530273,11.399999618530273,11.399999618530273,11.399999618530273,10618.0
2022-02-22,11.399999618530273,11.399999618530273,11.399999618530273,11.399999618530273,11.399999618530273,0.0
2022-02-23,11.399999618530273,11.399999618530273,11.399999618530273,11.399999618530273,11.399999618530273,0.0
2022-02-24,11.399999618530273,11.399999618530273,11.399999618530273,11.399999618530273,11.399999618530273,0.0
2022-02-25,11.399999618530273,11.399999618530273,11.399999618530273,11.399999618530273,11.399999618530273,0.0
2022-02-28,11.399999618530273,11.399999618530273,11.399999618530273,11.399999618530273,11.399999618530273,750.0
2022-03-02,11.399999618530273,11.399999618530273,11.399999618530273,11.399999618530273,11.399999618530273,0.0
2022-03-03,11.399999618530273,11.399999618530273,11.399999618530273,11.399999618530273,11.399999618530273,0.0
2022-03-04,11.399999618530273,11.399999618530273,11.399999618530273,11.399999618530273,11.399999618530273,0.0
2022-03-07,11.399999618530273,11.399999618530273,11.399999618530273,11.399999618530273,11.399999618530273,20764.0
2022-03-08,11.399999618530273,11.399999618530273,11.399999618530273,11.399999618530273,11.399999618530273,0.0
2022-03-09,11.399999618530273,11.399999618530273,11.399999618530273,11.399999618530273,11.399999618530273,0.0
2022-03-10,11.399999618530273,11.399999618530273,11.399999618530273,11.399999618530273,11.399999618530273,0.0
2022-03-11,11.399999618530273,11.399999618530273,11.399999618530273,11.399999618530273,11.399999618530273,0.0
2022-03-14,11.399999618530273,11.399999618530273,11.399999618530273,11.399999618530273,11.399999618530273,1400.0
2022-03-15,11.399999618530273,11.399999618530273,11.399999618530273,11.399999618530273,11.399999618530273,0.0
2022-03-16,11.399999618530273,11.399999618530273,11.399999618530273,11.399999618530273,11.399999618530273,0.0
2022-03-17,11.399999618530273,11.399999618530273,11.399999618530273,11.399999618530273,11.399999618530273,0.0
2022-03-21,11.399999618530273,11.399999618530273,11.399999618530273,11.399999618530273,11.399999618530273,2731.0
2022-03-22,11.399999618530273,11.399999618530273,11.399999618530273,11.399999618530273,11.399999618530273,0.0
2022-03-23,11.399999618530273,11.399999618530273,11.399999618530273,11.399999618530273,11.399999618530273,0.0
2022-03-24,11.399999618530273,11.399999618530273,11.399999618530273,11.399999618530273,11.399999618530273,0.0
2022-03-25,11.399999618530273,11.399999618530273,11.399999618530273,11.399999618530273,11.399999618530273,0.0
2022-03-28,11.399999618530273,11.399999618530273,11.399999618530273,11.399999618530273,11.399999618530273,4599.0
2022-03-29,11.399999618530273,11.399999618530273,11.399999618530273,11.399999618530273,11.399999618530273,0.0
2022-03-30,11.399999618530273,11.399999618530273,11.399999618530273,11.399999618530273,11.399999618530273,0.0
2022-03-31,11.399999618530273,11.399999618530273,11.399999618530273,11.399999618530273,11.399999618530273,0.0
2022-04-01,11.399999618530273,11.399999618530273,11.399999618530273,11.399999618530273,11.399999618530273,0.0
2022-04-04,11.399999618530273,11.399999618530273,11.399999618530273,11.399999618530273,11.399999618530273,2813.0
2022-04-05,11.399999618530273,11.399999618530273,11.399999618530273,11.399999618530273,11.399999618530273,0.0
2022-04-06,11.399999618530273,11.399999618530273,11.399999618530273,11.399999618530273,11.399999618530273,0.0
2022-04-07,11.399999618530273,11.399999618530273,11.399999618530273,11.399999618530273,11.399999618530273,0.0
2022-04-08,11.399999618530273,11.399999618530273,11.399999618530273,11.399999618530273,11.399999618530273,0.0
2022-04-11,11.399999618530273,11.949999809265137,11.399999618530273,11.949999809265137,11.949999809265137,3498.0
2022-04-12,11.949999809265137,11.949999809265137,11.949999809265137,11.949999809265137,11.949999809265137,0.0
2022-04-13,11.949999809265137,11.949999809265137,11.949999809265137,11.949999809265137,11.949999809265137,0.0
2022-04-18,11.949999809265137,11.949999809265137,11.949999809265137,11.949999809265137,11.949999809265137,2500.0
2022-04-19,11.949999809265137,11.949999809265137,11.949999809265137,11.949999809265137,11.949999809265137,0.0
2022-04-20,11.949999809265137,11.949999809265137,11.949999809265137,11.949999809265137,11.949999809265137,0.0
2022-04-21,11.949999809265137,11.949999809265137,11.949999809265137,11.949999809265137,11.949999809265137,0.0
2022-04-22,11.949999809265137,11.949999809265137,11.949999809265137,11.949999809265137,11.949999809265137,0.0
2022-04-25,11.949999809265137,11.949999809265137,11.949999809265137,11.949999809265137,11.949999809265137,515.0
2022-04-26,11.949999809265137,11.949999809265137,11.949999809265137,11.949999809265137,11.949999809265137,0.0
2022-04-27,11.949999809265137,11.949999809265137,11.949999809265137,11.949999809265137,11.949999809265137,0.0
2022-04-28,11.949999809265137,11.949999809265137,11.949999809265137,11.949999809265137,11.949999809265137,0.0
2022-04-29,11.949999809265137,11.949999809265137,11.949999809265137,11.949999809265137,11.949999809265137,0.0
2022-05-02,11.949999809265137,11.949999809265137,11.949999809265137,11.949999809265137,11.949999809265137,9279.0
2022-05-04,11.949999809265137,11.949999809265137,11.949999809265137,11.949999809265137,11.949999809265137,0.0
2022-05-05,11.949999809265137,11.949999809265137,11.949999809265137,11.949999809265137,11.949999809265137,0.0
2022-05-06,11.949999809265137,11.949999809265137,11.949999809265137,11.949999809265137,11.949999809265137,0.0
2022-05-09,12.5,12.5,12.5,12.5,12.5,1093.0
2022-05-10,12.5,12.5,12.5,12.5,12.5,0.0
2022-05-11,12.5,12.5,12.5,12.5,12.5,0.0
2022-05-12,12.5,12.5,12.5,12.5,12.5,0.0
2022-05-13,12.5,12.5,12.5,12.5,12.5,0.0
2022-05-16,12.5,12.5,12.5,12.5,12.5,201.0
2022-05-17,12.5,12.5,12.5,12.5,12.5,0.0
2022-05-18,12.5,12.5,12.5,12.5,12.5,0.0
2022-05-19,12.5,12.5,12.5,12.5,12.5,0.0
2022-05-20,12.5,12.5,12.5,12.5,12.5,0.0
2022-05-23,12.5,12.5,12.5,12.5,12.5,771.0
2022-05-24,12.5,12.5,12.5,12.5,12.5,0.0
2022-05-25,12.5,12.5,12.5,12.5,12.5,0.0
2022-05-26,12.5,12.5,12.5,12.5,12.5,0.0
2022-05-27,12.5,12.5,12.5,12.5,12.5,0.0
2022-05-30,12.5,12.5,12.5,12.5,12.5,7401.0
2022-05-31,12.5,12.5,12.5,12.5,12.5,0.0
2022-06-01,12.5,12.5,12.5,12.5,12.5,0.0
2022-06-02,12.5,12.5,12.5,12.5,12.5,0.0
2022-06-03,12.5,12.5,12.5,12.5,12.5,0.0
2022-06-06,12.5,12.5,12.5,12.5,12.5,1.0
2022-06-07,12.5,12.5,12.5,12.5,12.5,0.0
2022-06-08,12.5,12.5,12.5,12.5,12.5,0.0
2022-06-09,12.5,12.5,12.5,12.5,12.5,0.0
2022-06-10,12.5,12.5,12.5,12.5,12.5,0.0
2022-06-13,13.100000381469727,13.100000381469727,13.100000381469727,13.100000381469727,13.100000381469727,2694.0
2022-06-14,13.100000381469727,13.100000381469727,13.100000381469727,13.100000381469727,13.100000381469727,0.0
2022-06-15,13.100000381469727,13.100000381469727,13.100000381469727,13.100000381469727,13.100000381469727,0.0
2022-06-16,13.100000381469727,13.100000381469727,13.100000381469727,13.100000381469727,13.100000381469727,0.0
2022-06-17,13.100000381469727,13.100000381469727,13.100000381469727,13.100000381469727,13.100000381469727,0.0
2022-06-20,13.100000381469727,13.100000381469727,13.100000381469727,13.100000381469727,13.100000381469727,10252.0
2022-06-21,13.100000381469727,13.100000381469727,13.100000381469727,13.100000381469727,13.100000381469727,0.0
2022-06-22,13.100000381469727,13.100000381469727,13.100000381469727,13.100000381469727,13.100000381469727,0.0
2022-06-23,13.100000381469727,13.100000381469727,13.100000381469727,13.100000381469727,13.100000381469727,0.0
2022-06-24,13.100000381469727,13.100000381469727,13.100000381469727,13.100000381469727,13.100000381469727,0.0
2022-06-27,13.100000381469727,13.100000381469727,13.100000381469727,13.100000381469727,13.100000381469727,13310.0
2022-06-28,13.100000381469727,13.100000381469727,13.100000381469727,13.100000381469727,13.100000381469727,0.0
2022-06-29,13.100000381469727,13.100000381469727,13.100000381469727,13.100000381469727,13.100000381469727,0.0
2022-06-30,13.100000381469727,13.100000381469727,13.100000381469727,13.100000381469727,13.100000381469727,0.0
2022-07-01,13.100000381469727,13.100000381469727,13.100000381469727,13.100000381469727,13.100000381469727,0.0
2022-07-04,13.100000381469727,13.100000381469727,13.100000381469727,13.100000381469727,13.100000381469727,804.0
2022-07-05,13.100000381469727,13.100000381469727,13.100000381469727,13.100000381469727,13.100000381469727,0.0
2022-07-06,13.100000381469727,13.100000381469727,13.100000381469727,13.100000381469727,13.100000381469727,0.0
2022-07-07,13.100000381469727,13.100000381469727,13.100000381469727,13.100000381469727,13.100000381469727,0.0
2022-07-08,13.100000381469727,13.100000381469727,13.100000381469727,13.100000381469727,13.100000381469727,0.0
2022-07-11,13.75,13.75,13.75,13.75,13.75,8312.0
2022-07-12,13.75,13.75,13.75,13.75,13.75,0.0
2022-07-13,13.75,13.75,13.75,13.75,13.75,0.0
2022-07-14,13.75,13.75,13.75,13.75,13.75,0.0
2022-07-15,13.75,13.75,13.75,13.75,13.75,0.0
2022-07-18,13.75,13.75,13.75,13.75,13.75,2600.0
2022-07-19,13.75,13.75,13.75,13.75,13.75,0.0
2022-07-20,13.75,13.75,13.75,13.75,13.75,0.0
2022-07-21,13.75,13.75,13.75,13.75,13.75,0.0
2022-07-22,13.75,13.75,13.75,13.75,13.75,0.0
2022-07-25,13.75,13.75,13.75,13.75,13.75,950.0
2022-07-26,13.75,13.75,13.75,13.75,13.75,0.0
2022-07-27,13.75,13.75,13.75,13.75,13.75,0.0
2022-07-28,13.75,13.75,13.75,13.75,13.75,0.0
2022-07-29,13.75,13.75,13.75,13.75,13.75,0.0
2022-08-01,13.75,13.75,13.75,13.75,13.75,925.0
2022-08-02,13.75,13.75,13.75,13.75,13.75,0.0
2022-08-03,13.75,13.75,13.75,13.75,13.75,0.0
2022-08-04,13.75,13.75,13.75,13.75,13.75,0.0
2022-08-05,13.75,13.75,13.75,13.75,13.75,0.0
2022-08-08,14.399999618530273,14.399999618530273,14.399999618530273,14.399999618530273,14.399999618530273,1054.0
2022-08-10,14.399999618530273,14.399999618530273,14.399999618530273,14.399999618530273,14.399999618530273,0.0
2022-08-11,14.399999618530273,14.399999618530273,14.399999618530273,14.399999618530273,14.399999618530273,0.0
2022-08-12,14.399999618530273,14.399999618530273,14.399999618530273,14.399999618530273,14.399999618530273,0.0
2022-08-16,14.399999618530273,14.399999618530273,14.399999618530273,14.399999618530273,14.399999618530273,1391.0
2022-08-17,14.399999618530273,14.399999618530273,14.399999618530273,14.399999618530273,14.399999618530273,0.0
2022-08-18,14.399999618530273,14.399999618530273,14.399999618530273,14.399999618530273,14.399999618530273,0.0
2022-08-19,14.399999618530273,14.399999618530273,14.399999618530273,14.399999618530273,14.399999618530273,0.0
2022-08-22,14.399999618530273,14.399999618530273,14.399999618530273,14.399999618530273,14.399999618530273,1071.0
2022-08-23,14.399999618530273,14.399999618530273,14.399999618530273,14.399999618530273,14.399999618530273,0.0
2022-08-24,14.399999618530273,14.399999618530273,14.399999618530273,14.399999618530273,14.399999618530273,0.0
2022-08-25,14.399999618530273,14.399999618530273,14.399999618530273,14.399999618530273,14.399999618530273,0.0
2022-08-26,14.399999618530273,14.399999618530273,14.399999618530273,14.399999618530273,14.399999618530273,0.0
2022-08-29,14.399999618530273,14.399999618530273,14.399999618530273,14.399999618530273,14.399999618530273,3121.0
2022-08-30,14.399999618530273,14.399999618530273,14.399999618530273,14.399999618530273,14.399999618530273,0.0
2022-09-01,14.399999618530273,14.399999618530273,14.399999618530273,14.399999618530273,14.399999618530273,0.0
2022-09-02,14.399999618530273,14.399999618530273,14.399999618530273,14.399999618530273,14.399999618530273,0.0
2022-09-05,14.399999618530273,14.399999618530273,14.399999618530273,14.399999618530273,14.399999618530273,800.0
2022-09-06,14.399999618530273,14.399999618530273,14.399999618530273,14.399999618530273,14.399999618530273,0.0
2022-09-07,14.399999618530273,14.399999618530273,14.399999618530273,14.399999618530273,14.399999618530273,0.0
2022-09-08,14.399999618530273,14.399999618530273,14.399999618530273,14.399999618530273,14.399999618530273,0.0
2022-09-09,14.399999618530273,14.399999618530273,14.399999618530273,14.399999618530273,14.399999618530273,0.0
2022-09-12,14.399999618530273,14.399999618530273,14.399999618530273,14.399999618530273,14.399999618530273,2550.0
2022-09-13,14.399999618530273,14.399999618530273,14.399999618530273,14.399999618530273,14.399999618530273,0.0
2022-09-14,14.399999618530273,14.399999618530273,14.399999618530273,14.399999618530273,14.399999618530273,0.0
2022-09-15,14.399999618530273,14.399999618530273,14.399999618530273,14.399999618530273,14.399999618530273,0.0
2022-09-16,14.399999618530273,14.399999618530273,14.399999618530273,14.399999618530273,14.399999618530273,0.0
2022-09-19,14.399999618530273,15.100000381469727,14.399999618530273,15.100000381469727,15.100000381469727,1651.0
2022-09-20,15.100000381469727,15.100000381469727,15.100000381469727,15.100000381469727,15.100000381469727,0.0
2022-09-21,15.100000381469727,15.100000381469727,15.100000381469727,15.100000381469727,15.100000381469727,0.0
2022-09-22,15.100000381469727,15.100000381469727,15.100000381469727,15.100000381469727,15.100000381469727,0.0
2022-09-23,15.100000381469727,15.100000381469727,15.100000381469727,15.100000381469727,15.100000381469727,0.0
2022-09-26,15.100000381469727,15.100000381469727,15.100000381469727,15.100000381469727,15.100000381469727,10296.0
2022-09-27,15.100000381469727,15.100000381469727,15.100000381469727,15.100000381469727,15.100000381469727,0.0
2022-09-28,15.100000381469727,15.100000381469727,15.100000381469727,15.100000381469727,15.100000381469727,0.0
2022-09-29,15.100000381469727,15.100000381469727,15.100000381469727,15.100000381469727,15.100000381469727,0.0
2022-09-30,15.100000381469727,15.100000381469727,15.100000381469727,15.100000381469727,15.100000381469727,0.0
2022-10-03,15.100000381469727,15.100000381469727,15.100000381469727,15.100000381469727,15.100000381469727,5010.0
2022-10-04,15.100000381469727,15.100000381469727,15.100000381469727,15.100000381469727,15.100000381469727,0.0
2022-10-06,15.100000381469727,15.100000381469727,15.100000381469727,15.100000381469727,15.100000381469727,0.0
2022-10-07,15.100000381469727,15.100000381469727,15.100000381469727,15.100000381469727,15.100000381469727,0.0
2022-10-10,15.100000381469727,15.100000381469727,15.100000381469727,15.100000381469727,15.100000381469727,1100.0
2022-10-11,15.100000381469727,15.100000381469727,15.100000381469727,15.100000381469727,15.100000381469727,0.0
2022-10-12,15.100000381469727,15.100000381469727,15.100000381469727,15.100000381469727,15.100000381469727,0.0
2022-10-13,15.100000381469727,15.100000381469727,15.100000381469727,15.100000381469727,15.100000381469727,0.0
2022-10-14,15.100000381469727,15.100000381469727,15.100000381469727,15.100000381469727,15.100000381469727,0.0
2022-10-17,15.100000381469727,15.100000381469727,15.100000381469727,15.100000381469727,15.100000381469727,912.0
2022-10-18,15.100000381469727,15.100000381469727,15.100000381469727,15.100000381469727,15.100000381469727,0.0
2022-10-19,15.100000381469727,15.100000381469727,15.100000381469727,15.100000381469727,15.100000381469727,0.0
2022-10-20,15.100000381469727,15.100000381469727,15.100000381469727,15.100000381469727,15.100000381469727,0.0
2022-10-21,15.100000381469727,15.100000381469727,15.100000381469727,15.100000381469727,15.100000381469727,0.0
2022-10-24,15.100000381469727,15.100000381469727,15.100000381469727,15.100000381469727,15.100000381469727,0.0
2022-10-25,15.100000381469727,15.100000381469727,15.100000381469727,15.100000381469727,15.100000381469727,0.0
2022-10-27,15.100000381469727,15.100000381469727,15.100000381469727,15.100000381469727,15.100000381469727,0.0
2022-10-28,15.100000381469727,15.100000381469727,15.100000381469727,15.100000381469727,15.100000381469727,0.0
2022-10-31,15.100000381469727,15.100000381469727,15.100000381469727,15.100000381469727,15.100000381469727,722.0
2022-11-01,15.100000381469727,15.100000381469727,15.100000381469727,15.100000381469727,15.100000381469727,0.0
2022-11-02,15.100000381469727,15.100000381469727,15.100000381469727,15.100000381469727,15.100000381469727,0.0
2022-11-03,15.100000381469727,15.100000381469727,15.100000381469727,15.100000381469727,15.100000381469727,0.0
2022-11-04,15.100000381469727,15.100000381469727,15.100000381469727,15.100000381469727,15.100000381469727,0.0
2022-11-07,15.100000381469727,15.100000381469727,15.100000381469727,15.100000381469727,15.100000381469727,55.0
2022-11-09,15.100000381469727,15.100000381469727,15.100000381469727,15.100000381469727,15.100000381469727,0.0
2022-11-10,15.100000381469727,15.100000381469727,15.100000381469727,15.100000381469727,15.100000381469727,0.0
2022-11-11,15.100000381469727,15.100000381469727,15.100000381469727,15.100000381469727,15.100000381469727,0.0
2022-11-14,15.850000381469727,15.850000381469727,15.850000381469727,15.850000381469727,15.850000381469727,12753.0
2022-11-15,15.850000381469727,15.850000381469727,15.850000381469727,15.850000381469727,15.850000381469727,0.0
2022-11-16,15.850000381469727,15.850000381469727,15.850000381469727,15.850000381469727,15.850000381469727,0.0
2022-11-17,15.850000381469727,15.850000381469727,15.850000381469727,15.850000381469727,15.850000381469727,0.0
2022-11-18,15.850000381469727,15.850000381469727,15.850000381469727,15.850000381469727,15.850000381469727,0.0
2022-11-21,15.850000381469727,15.850000381469727,15.850000381469727,15.850000381469727,15.850000381469727,2137.0
2022-11-22,15.850000381469727,15.850000381469727,15.850000381469727,15.850000381469727,15.850000381469727,0.0
2022-11-23,15.850000381469727,15.850000381469727,15.850000381469727,15.850000381469727,15.850000381469727,0.0
2022-11-24,15.850000381469727,15.850000381469727,15.850000381469727,15.850000381469727,15.850000381469727,0.0
2022-11-25,15.850000381469727,15.850000381469727,15.850000381469727,15.850000381469727,15.850000381469727,0.0
2022-11-28,15.850000381469727,15.850000381469727,15.850000381469727,15.850000381469727,15.850000381469727,20188.0
2022-11-29,15.850000381469727,15.850000381469727,15.850000381469727,15.850000381469727,15.850000381469727,0.0
2022-11-30,15.850000381469727,15.850000381469727,15.850000381469727,15.850000381469727,15.850000381469727,0.0
2022-12-01,15.850000381469727,15.850000381469727,15.850000381469727,15.850000381469727,15.850000381469727,0.0
2022-12-02,15.850000381469727,15.850000381469727,15.850000381469727,15.850000381469727,15.850000381469727,0.0
2022-12-05,15.850000381469727,15.850000381469727,15.850000381469727,15.850000381469727,15.850000381469727,1632.0
2022-12-06,15.850000381469727,15.850000381469727,15.850000381469727,15.850000381469727,15.850000381469727,0.0
2022-12-07,15.850000381469727,15.850000381469727,15.850000381469727,15.850000381469727,15.850000381469727,0.0
2022-12-08,15.850000381469727,15.850000381469727,15.850000381469727,15.850000381469727,15.850000381469727,0.0
2022-12-09,15.850000381469727,15.850000381469727,15.850000381469727,15.850000381469727,15.850000381469727,0.0
2022-12-12,15.850000381469727,15.850000381469727,15.850000381469727,15.850000381469727,15.850000381469727,0.0
2022-12-13,15.850000381469727,15.850000381469727,15.850000381469727,15.850000381469727,15.850000381469727,0.0
2022-12-14,15.850000381469727,15.850000381469727,15.850000381469727,15.850000381469727,15.850000381469727,0.0
2022-12-15,15.850000381469727,15.850000381469727,15.850000381469727,15.850000381469727,15.850000381469727,0.0
2022-12-16,15.850000381469727,15.850000381469727,15.850000381469727,15.850000381469727,15.850000381469727,0.0
2022-12-19,15.850000381469727,15.850000381469727,15.850000381469727,15.850000381469727,15.850000381469727,1712.0
2022-12-20,15.850000381469727,15.850000381469727,15.850000381469727,15.850000381469727,15.850000381469727,0.0
2022-12-21,15.850000381469727,15.850000381469727,15.850000381469727,15.850000381469727,15.850000381469727,0.0
2022-12-22,15.850000381469727,15.850000381469727,15.850000381469727,15.850000381469727,15.850000381469727,0.0
2022-12-23,15.850000381469727,15.850000381469727,15.850000381469727,15.850000381469727,15.850000381469727,0.0
2022-12-26,15.850000381469727,15.850000381469727,15.850000381469727,15.850000381469727,15.850000381469727,517.0
2022-12-27,15.850000381469727,15.850000381469727,15.850000381469727,15.850000381469727,15.850000381469727,0.0
2022-12-28,15.850000381469727,15.850000381469727,15.850000381469727,15.850000381469727,15.850000381469727,0.0
2022-12-29,15.850000381469727,15.850000381469727,15.850000381469727,15.850000381469727,15.850000381469727,0.0
2022-12-30,15.850000381469727,15.850000381469727,15.850000381469727,15.850000381469727,15.850000381469727,0.0
2023-01-02,15.850000381469727,15.850000381469727,15.850000381469727,15.850000381469727,15.850000381469727,160.0
2023-01-03,15.850000381469727,15.850000381469727,15.850000381469727,15.850000381469727,15.850000381469727,0.0
2023-01-04,15.850000381469727,15.850000381469727,15.850000381469727,15.850000381469727,15.850000381469727,0.0
2023-01-05,15.850000381469727,15.850000381469727,15.850000381469727,15.850000381469727,15.850000381469727,0.0
2023-01-06,15.850000381469727,15.850000381469727,15.850000381469727,15.850000381469727,15.850000381469727,0.0
2023-01-09,16.600000381469727,16.600000381469727,16.600000381469727,16.600000381469727,16.600000381469727,112.0
2023-01-10,16.600000381469727,16.600000381469727,16.600000381469727,16.600000381469727,16.600000381469727,0.0
2023-01-11,16.600000381469727,16.600000381469727,16.600000381469727,16.600000381469727,16.600000381469727,0.0
2023-01-12,16.600000381469727,16.600000381469727,16.600000381469727,16.600000381469727,16.600000381469727,0.0
2023-01-13,16.600000381469727,16.600000381469727,16.600000381469727,16.600000381469727,16.600000381469727,0.0
2023-01-16,16.600000381469727,16.600000381469727,16.600000381469727,16.600000381469727,16.600000381469727,0.0
2023-01-17,16.600000381469727,16.600000381469727,16.600000381469727,16.600000381469727,16.600000381469727,0.0
2023-01-18,16.600000381469727,16.600000381469727,16.600000381469727,16.600000381469727,16.600000381469727,0.0
2023-01-19,16.600000381469727,16.600000381469727,16.600000381469727,16.600000381469727,16.600000381469727,0.0
2023-01-20,16.600000381469727,16.600000381469727,16.600000381469727,16.600000381469727,16.600000381469727,0.0
2023-01-23,16.600000381469727,16.600000381469727,16.600000381469727,16.600000381469727,16.600000381469727,120.0
2023-01-24,16.600000381469727,16.600000381469727,16.600000381469727,16.600000381469727,16.600000381469727,0.0
2023-01-25,16.600000381469727,16.600000381469727,16.600000381469727,16.600000381469727,16.600000381469727,0.0
2023-01-27,16.600000381469727,16.600000381469727,16.600000381469727,16.600000381469727,16.600000381469727,0.0
2023-01-30,16.600000381469727,16.600000381469727,16.600000381469727,16.600000381469727,16.600000381469727,1000.0
2023-01-31,16.600000381469727,16.600000381469727,16.600000381469727,16.600000381469727,16.600000381469727,0.0
2023-02-01,16.600000381469727,16.600000381469727,16.600000381469727,16.600000381469727,16.600000381469727,0.0
2023-02-02,16.600000381469727,16.600000381469727,16.600000381469727,16.600000381469727,16.600000381469727,0.0
2023-02-03,16.600000381469727,16.600000381469727,16.600000381469727,16.600000381469727,16.600000381469727,0.0
2023-02-06,16.600000381469727,16.600000381469727,16.600000381469727,16.600000381469727,16.600000381469727,1400.0
2023-02-07,16.600000381469727,16.600000381469727,16.600000381469727,16.600000381469727,16.600000381469727,0.0
2023-02-08,16.600000381469727,16.600000381469727,16.600000381469727,16.600000381469727,16.600000381469727,0.0
2023-02-09,16.600000381469727,16.600000381469727,16.600000381469727,16.600000381469727,16.600000381469727,0.0
2023-02-10,16.600000381469727,16.600000381469727,16.600000381469727,16.600000381469727,16.600000381469727,0.0
2023-02-13,17.399999618530273,17.399999618530273,17.399999618530273,17.399999618530273,17.399999618530273,400.0
2023-02-14,17.399999618530273,17.399999618530273,17.399999618530273,17.399999618530273,17.399999618530273,0.0
2023-02-15,17.399999618530273,17.399999618530273,17.399999618530273,17.399999618530273,17.399999618530273,0.0
2023-02-16,17.399999618530273,17.399999618530273,17.399999618530273,17.399999618530273,17.399999618530273,0.0
2023-02-17,17.399999618530273,17.399999618530273,17.399999618530273,17.399999618530273,17.399999618530273,0.0
2023-02-20,17.399999618530273,17.399999618530273,17.399999618530273,17.399999618530273,17.399999618530273,600.0
2023-02-21,17.399999618530273,17.399999618530273,17.399999618530273,17.399999618530273,17.399999618530273,0.0
2023-02-22,17.399999618530273,17.399999618530273,17.399999618530273,17.399999618530273,17.399999618530273,0.0
2023-02-23,17.399999618530273,17.399999618530273,17.399999618530273,17.399999618530273,17.399999618530273,0.0
2023-02-24,17.399999618530273,17.399999618530273,17.399999618530273,17.399999618530273,17.399999618530273,0.0
2023-02-27,17.399999618530273,17.399999618530273,17.399999618530273,17.399999618530273,17.399999618530273,1200.0
2023-02-28,17.399999618530273,17.399999618530273,17.399999618530273,17.399999618530273,17.399999618530273,0.0
2023-03-01,17.399999618530273,17.399999618530273,17.399999618530273,17.399999618530273,17.399999618530273,0.0
2023-03-02,17.399999618530273,17.399999618530273,17.399999618530273,17.399999618530273,17.399999618530273,0.0
2023-03-03,17.399999618530273,17.399999618530273,17.399999618530273,17.399999618530273,17.399999618530273,0.0
2023-03-06,17.399999618530273,17.399999618530273,17.399999618530273,17.399999618530273,17.399999618530273,1512.0
2023-03-08,17.399999618530273,17.399999618530273,17.399999618530273,17.399999618530273,17.399999618530273,0.0
2023-03-09,17.399999618530273,17.399999618530273,17.399999618530273,17.399999618530273,17.399999618530273,0.0
2023-03-10,17.399999618530273,17.399999618530273,17.399999618530273,17.399999618530273,17.399999618530273,0.0
2023-03-13,17.399999618530273,17.399999618530273,17.399999618530273,17.399999618530273,17.399999618530273,450.0
2023-03-14,18.25,18.25,18.25,18.25,18.25,1090.0
2023-03-15,19.149999618530273,19.149999618530273,19.149999618530273,19.149999618530273,19.149999618530273,1310.0
2023-03-16,19.149999618530273,19.149999618530273,19.149999618530273,19.149999618530273,19.149999618530273,0.0
2023-03-17,21.100000381469727,21.100000381469727,21.100000381469727,21.100000381469727,21.100000381469727,2454.0
2023-03-20,22.149999618530273,22.149999618530273,22.149999618530273,22.149999618530273,22.149999618530273,3165.0
2023-03-21,23.25,23.25,23.25,23.25,23.25,500.0
2023-03-22,24.399999618530273,24.399999618530273,24.399999618530273,24.399999618530273,24.399999618530273,311.0
2023-03-23,25.600000381469727,25.600000381469727,25.600000381469727,25.600000381469727,25.600000381469727,250.0
2023-03-24,26.850000381469727,26.850000381469727,26.850000381469727,26.850000381469727,26.850000381469727,729.0
2023-03-27,28.149999618530273,28.149999618530273,28.149999618530273,28.149999618530273,28.149999618530273,446.0
2023-03-28,29.549999237060547,29.549999237060547,29.549999237060547,29.549999237060547,29.549999237060547,3526.0
2023-03-29,31.0,31.0,31.0,31.0,31.0,371.0
2023-03-31,32.54999923706055,32.54999923706055,32.54999923706055,32.54999923706055,32.54999923706055,3020.0
2023-04-03,34.150001525878906,34.150001525878906,34.150001525878906,34.150001525878906,34.150001525878906,550.0
2023-04-05,35.849998474121094,35.849998474121094,35.849998474121094,35.849998474121094,35.849998474121094,1330.0
2023-04-06,37.599998474121094,37.599998474121094,37.599998474121094,37.599998474121094,37.599998474121094,3812.0
2023-04-10,39.45000076293945,39.45000076293945,39.45000076293945,39.45000076293945,39.45000076293945,3185.0
2023-04-11,41.400001525878906,41.400001525878906,41.400001525878906,41.400001525878906,41.400001525878906,2830.0
2023-04-12,43.45000076293945,43.45000076293945,43.45000076293945,43.45000076293945,43.45000076293945,1615.0
2023-04-13,45.599998474121094,45.599998474121094,45.599998474121094,45.599998474121094,45.599998474121094,1165.0
2023-04-17,47.849998474121094,47.849998474121094,47.849998474121094,47.849998474121094,47.849998474121094,1904.0
2023-04-18,50.20000076293945,50.20000076293945,50.20000076293945,50.20000076293945,50.20000076293945,3031.0
2023-04-19,52.70000076293945,52.70000076293945,52.70000076293945,52.70000076293945,52.70000076293945,869.0
2023-04-20,55.29999923706055,55.29999923706055,55.29999923706055,55.29999923706055,55.29999923706055,2942.0
2023-04-21,58.04999923706055,58.04999923706055,58.04999923706055,58.04999923706055,58.04999923706055,2821.0
2023-04-24,60.95000076293945,60.95000076293945,60.95000076293945,60.95000076293945,60.95000076293945,1758.0
2023-04-25,63.95000076293945,63.95000076293945,63.95000076293945,63.95000076293945,63.95000076293945,3528.0
2023-04-26,67.0999984741211,67.0999984741211,67.0999984741211,67.0999984741211,67.0999984741211,4739.0
2023-04-27,70.44999694824219,70.44999694824219,70.44999694824219,70.44999694824219,70.44999694824219,3982.0
2023-04-28,73.94999694824219,73.94999694824219,73.94999694824219,73.94999694824219,73.94999694824219,24336.0
2023-05-02,77.5999984741211,77.5999984741211,70.55000305175781,77.5999984741211,77.5999984741211,90646.0
2023-05-03,81.44999694824219,81.44999694824219,81.44999694824219,81.44999694824219,81.44999694824219,9329.0
2023-05-04,85.5,85.5,85.5,85.5,85.5,1676.0
2023-05-05,89.75,89.75,81.25,89.75,89.75,406953.0
2023-05-08,93.69999694824219,93.69999694824219,85.30000305175781,85.30000305175781,85.30000305175781,54881.0
2023-05-09,81.05000305175781,81.05000305175781,81.05000305175781,81.05000305175781,81.05000305175781,19215.0
2023-05-10,79.0,84.75,77.0,80.8499984741211,80.8499984741211,181873.0
2023-05-11,80.69999694824219,80.69999694824219,76.80000305175781,76.80000305175781,76.80000305175781,138876.0
2023-05-12,73.0,75.75,73.0,73.0,73.0,107885.0
2023-05-15,69.5,76.6500015258789,69.5,76.6500015258789,76.6500015258789,61366.0
2023-05-16,80.3499984741211,80.44999694824219,78.0,80.44999694824219,80.44999694824219,83652.0
2023-05-17,84.25,84.44999694824219,84.25,84.44999694824219,84.44999694824219,106520.0
2023-05-18,88.6500015258789,88.6500015258789,81.5,88.6500015258789,88.6500015258789,270624.0
2023-05-19,85.19999694824219,92.9000015258789,85.19999694824219,89.05000305175781,89.05000305175781,134393.0
2023-05-22,88.0,88.69999694824219,84.5999984741211,84.5999984741211,84.5999984741211,51143.0
2023-05-23,80.4000015258789,88.80000305175781,80.4000015258789,88.80000305175781,88.80000305175781,90962.0
2023-05-24,90.0,93.19999694824219,85.05000305175781,91.9000015258789,91.9000015258789,45599.0
2023-05-25,94.5,94.5,89.05000305175781,92.80000305175781,92.80000305175781,32846.0
2023-05-26,94.69999694824219,94.69999694824219,88.19999694824219,88.5,88.5,34456.0
2023-05-29,88.0,91.3499984741211,85.0,86.9000015258789,86.9000015258789,32089.0
2023-05-30,88.5,90.80000305175781,82.6500015258789,87.05000305175781,87.05000305175781,65422.0
2023-05-31,86.25,86.25,82.69999694824219,82.69999694824219,82.69999694824219,14136.0
2023-06-01,78.5999984741211,78.5999984741211,78.5999984741211,78.5999984741211,78.5999984741211,3737.0
2023-06-02,74.80000305175781,82.5,74.69999694824219,82.5,82.5,83995.0
2023-06-05,84.80000305175781,86.5999984741211,84.80000305175781,86.5999984741211,86.5999984741211,109310.0
2023-06-06,86.5999984741211,89.9000015258789,82.94999694824219,86.5,86.5,47317.0
2023-06-07,87.80000305175781,88.94999694824219,87.0,87.9000015258789,87.9000015258789,30869.0
2023-06-08,87.9000015258789,88.5,85.0,86.25,86.25,24772.0
2023-06-09,85.0,87.8499984741211,83.80000305175781,87.0,87.0,8878.0
2023-06-12,84.5,86.75,83.0999984741211,85.44999694824219,85.44999694824219,11702.0
2023-06-13,88.6500015258789,89.0999984741211,84.75,85.4000015258789,85.4000015258789,12414.0
2023-06-14,83.8499984741211,87.4000015258789,83.8499984741211,84.9000015258789,84.9000015258789,21080.0
2023-06-15,84.9000015258789,89.0999984741211,84.0999984741211,89.0999984741211,89.0999984741211,120931.0
2023-06-16,93.55000305175781,93.55000305175781,93.55000305175781,93.55000305175781,93.55000305175781,109903.0
2023-06-19,98.19999694824219,98.19999694824219,97.0,98.19999694824219,98.19999694824219,274686.0
2023-06-20,102.0,103.0999984741211,102.0,103.0999984741211,103.0999984741211,55713.0
2023-06-21,103.0999984741211,103.0999984741211,103.0999984741211,103.0999984741211,103.0999984741211,0.0
2023-06-22,103.0999984741211,103.0999984741211,103.0999984741211,103.0999984741211,103.0999984741211,0.0
2023-06-23,103.0999984741211,103.0999984741211,103.0999984741211,103.0999984741211,103.0999984741211,0.0
2023-06-26,101.05000305175781,101.05000305175781,101.05000305175781,101.05000305175781,101.05000305175781,91841.0
2023-06-27,101.05000305175781,101.05000305175781,101.05000305175781,101.05000305175781,101.05000305175781,0.0
2023-06-28,101.05000305175781,101.05000305175781,101.05000305175781,101.05000305175781,101.05000305175781,0.0
2023-06-30,101.05000305175781,101.05000305175781,101.05000305175781,101.05000305175781,101.05000305175781,0.0
2023-07-03,99.05000305175781,99.05000305175781,99.05000305175781,99.05000305175781,99.05000305175781,19307.0
2023-07-04,99.05000305175781,99.05000305175781,99.05000305175781,99.05000305175781,99.05000305175781,0.0
2023-07-05,99.05000305175781,99.05000305175781,99.05000305175781,99.05000305175781,99.05000305175781,0.0
2023-07-06,99.05000305175781,99.05000305175781,99.05000305175781,99.05000305175781,99.05000305175781,0.0
2023-07-07,99.05000305175781,99.05000305175781,99.05000305175781,99.05000305175781,99.05000305175781,0.0
2023-07-10,97.0999984741211,97.0999984741211,97.0999984741211,97.0999984741211,97.0999984741211,27067.0
2023-07-11,97.0999984741211,97.0999984741211,97.0999984741211,97.0999984741211,97.0999984741211,0.0
2023-07-12,97.0999984741211,97.0999984741211,97.0999984741211,97.0999984741211,97.0999984741211,0.0
2023-07-13,97.0999984741211,97.0999984741211,97.0999984741211,97.0999984741211,97.0999984741211,0.0
2023-07-14,97.0999984741211,97.0999984741211,97.0999984741211,97.0999984741211,97.0999984741211,0.0
2023-07-17,96.5,96.5,95.1500015258789,96.5,96.5,95324.0
2023-07-18,96.5,96.5,96.5,96.5,96.5,0.0
2023-07-19,96.5,96.5,96.5,96.5,96.5,0.0
2023-07-20,96.5,96.5,96.5,96.5,96.5,0.0
2023-07-21,96.5,96.5,96.5,96.5,96.5,0.0
2023-07-24,101.30000305175781,101.30000305175781,96.5,101.30000305175781,101.30000305175781,152793.0
2023-07-25,106.3499984741211,106.3499984741211,105.9000015258789,106.3499984741211,106.3499984741211,67197.0
2023-07-26,111.6500015258789,111.6500015258789,111.6500015258789,111.6500015258789,111.6500015258789,55576.0
2023-07-27,117.19999694824219,117.19999694824219,117.19999694824219,117.19999694824219,117.19999694824219,16400.0
2023-07-28,123.05000305175781,123.05000305175781,118.0,123.05000305175781,123.05000305175781,175663.0
2023-07-31,129.1999969482422,129.1999969482422,125.69999694824219,129.1999969482422,129.1999969482422,56235.0
2023-08-01,135.64999389648438,135.64999389648438,135.64999389648438,135.64999389648438,135.64999389648438,19268.0
2023-08-02,138.35000610351562,138.35000610351562,132.9499969482422,138.35000610351562,138.35000610351562,69008.0
2023-08-03,136.89999389648438,141.10000610351562,136.10000610351562,136.89999389648438,136.89999389648438,70769.0
2023-08-04,134.1999969482422,134.1999969482422,134.1999969482422,134.1999969482422,134.1999969482422,11926.0
2023-08-07,131.5500030517578,131.5500030517578,131.5500030517578,131.5500030517578,131.5500030517578,4146.0
2023-08-08,128.9499969482422,128.9499969482422,128.9499969482422,128.9499969482422,128.9499969482422,4544.0
2023-08-09,126.4000015258789,126.4000015258789,126.4000015258789,126.4000015258789,126.4000015258789,3337.0
2023-08-10,123.9000015258789,123.9000015258789,123.9000015258789,123.9000015258789,123.9000015258789,6872.0
2023-08-11,121.44999694824219,121.44999694824219,121.44999694824219,121.44999694824219,121.44999694824219,3184.0
2023-08-14,119.05000305175781,123.8499984741211,119.05000305175781,119.05000305175781,119.05000305175781,35481.0
2023-08-16,116.69999694824219,116.69999694824219,116.69999694824219,116.69999694824219,116.69999694824219,4164.0
2023-08-17,114.4000015258789,114.4000015258789,114.4000015258789,114.4000015258789,114.4000015258789,7430.0
2023-08-18,112.1500015258789,112.1500015258789,112.1500015258789,112.1500015258789,112.1500015258789,2393.0
2023-08-21,109.9000015258789,109.9000015258789,109.9000015258789,109.9000015258789,109.9000015258789,6449.0
2023-08-22,107.69999694824219,107.69999694824219,107.69999694824219,107.69999694824219,107.69999694824219,6497.0
2023-08-23,105.55000305175781,105.55000305175781,105.55000305175781,105.55000305175781,105.55000305175781,2587.0
2023-08-24,103.44999694824219,103.44999694824219,103.44999694824219,103.44999694824219,103.44999694824219,6726.0
2023-08-25,105.5,105.5,101.4000015258789,105.5,105.5,105263.0
2023-08-28,107.5999984741211,107.5999984741211,105.5,107.5999984741211,107.5999984741211,59197.0
2023-08-29,107.0,108.5,107.0,107.0,107.0,34016.0
2023-08-30,105.0,106.8499984741211,104.9000015258789,105.0,105.0,23316.0
2023-08-31,107.0999984741211,107.0999984741211,106.9000015258789,107.0999984741211,107.0999984741211,115506.0
2023-09-01,105.05000305175781,108.4000015258789,105.05000305175781,105.05000305175781,105.05000305175781,33171.0
2023-09-04,107.1500015258789,107.1500015258789,105.94999694824219,107.1500015258789,107.1500015258789,51271.0
2023-09-05,109.25,109.25,109.25,109.25,109.25,2954.0
2023-09-06,107.0999984741211,109.5999984741211,107.0999984741211,107.0999984741211,107.0999984741211,28832.0
2023-09-07,109.0,109.0,106.0,109.0,109.0,14853.0
2023-09-08,108.5,110.0,108.5,108.5,108.5,23290.0
2023-09-11,113.9000015258789,113.9000015258789,113.9000015258789,113.9000015258789,113.9000015258789,3215.0
2023-09-12,119.55000305175781,119.55000305175781,110.0999984741211,112.9000015258789,112.9000015258789,73881.0
2023-09-13,113.30000305175781,117.0,109.0,115.0999984741211,115.0999984741211,27309.0
2023-09-14,115.19999694824219,119.69999694824219,111.19999694824219,115.69999694824219,115.69999694824219,20768.0
2023-09-15,119.4000015258789,119.4000015258789,109.94999694824219,112.6500015258789,112.6500015258789,48033.0
2023-09-18,114.6500015258789,114.6500015258789,107.1500015258789,110.1500015258789,110.1500015258789,27715.0
2023-09-20,110.3499984741211,110.3499984741211,104.6500015258789,106.6500015258789,106.6500015258789,38803.0
2023-09-21,105.94999694824219,105.94999694824219,102.0,103.80000305175781,103.80000305175781,17342.0
2023-09-22,103.0,103.9000015258789,98.6500015258789,101.44999694824219,101.44999694824219,27832.0
2023-09-25,102.44999694824219,102.80000305175781,96.4000015258789,99.80000305175781,99.80000305175781,34795.0
2023-09-26,100.5,100.5,95.05000305175781,96.94999694824219,96.94999694824219,45584.0
2023-09-27,94.19999694824219,101.75,94.0,101.75,101.75,38624.0
2023-09-28,104.5,106.80000305175781,103.0,106.25,106.25,54827.0
2023-09-29,103.25,110.0,102.0,106.30000305175781,106.30000305175781,27865.0
2023-10-03,103.05000305175781,105.75,102.0,103.1500015258789,103.1500015258789,31298.0
2023-10-04,104.94999694824219,104.94999694824219,99.80000305175781,100.80000305175781,100.80000305175781,44302.0
2023-10-05,101.05000305175781,102.75,100.05000305175781,101.25,101.25,20019.0
2023-10-06,101.25,106.30000305175781,99.0,105.5999984741211,105.5999984741211,60733.0
2023-10-09,104.9000015258789,104.9000015258789,101.0,101.1500015258789,101.1500015258789,9239.0
2023-10-10,101.0,102.5,98.0,100.44999694824219,100.44999694824219,37219.0
2023-10-11,101.30000305175781,105.44999694824219,100.0,105.44999694824219,105.44999694824219,94577.0
2023-10-12,104.4000015258789,110.0,103.0,109.55000305175781,109.55000305175781,43534.0
2023-10-13,111.1500015258789,111.1500015258789,105.0,107.9000015258789,107.9000015258789,46768.0
2023-10-16,108.80000305175781,112.0,106.80000305175781,109.75,109.75,35102.0
2023-10-17,109.75,110.0,105.0,105.30000305175781,105.30000305175781,27590.0
2023-10-18,106.80000305175781,108.69999694824219,100.5999984741211,103.19999694824219,103.19999694824219,38012.0
2023-10-19,102.0999984741211,102.9000015258789,100.05000305175781,102.0,102.0,31495.0
2023-10-20,101.0,102.5,100.0999984741211,100.6500015258789,100.6500015258789,16541.0
2023-10-23,101.5,104.9000015258789,97.55000305175781,99.80000305175781,99.80000305175781,78450.0
2023-10-25,102.4000015258789,102.4000015258789,95.30000305175781,97.19999694824219,97.19999694824219,28840.0
2023-10-26,98.94999694824219,101.4000015258789,93.4000015258789,100.05000305175781,100.05000305175781,43401.0
2023-10-27,99.19999694824219,102.4000015258789,99.19999694824219,100.8499984741211,100.8499984741211,22188.0
2023-10-30,100.8499984741211,102.0,98.0,100.3499984741211,100.3499984741211,37516.0
2023-10-31,99.6500015258789,100.0,99.0,99.4000015258789,99.4000015258789,21224.0
2023-11-01,99.4000015258789,100.80000305175781,97.44999694824219,99.6500015258789,99.6500015258789,37604.0
2023-11-02,101.0,102.0,98.0,99.94999694824219,99.94999694824219,54925.0
2023-11-03,101.55000305175781,101.55000305175781,97.9000015258789,99.9000015258789,99.9000015258789,40142.0
2023-11-06,99.8499984741211,104.3499984741211,98.0,101.0999984741211,101.0999984741211,79476.0
2023-11-07,100.80000305175781,100.80000305175781,97.6500015258789,98.94999694824219,98.94999694824219,43150.0
2023-11-08,99.0,99.75,97.0,98.55000305175781,98.55000305175781,24096.0
2023-11-09,103.44999694824219,103.44999694824219,103.44999694824219,103.44999694824219,103.44999694824219,87100.0
2023-11-10,108.5999984741211,108.5999984741211,108.5999984741211,108.5999984741211,108.5999984741211,65180.0
2023-11-13,111.94999694824219,119.69999694824219,108.30000305175781,119.5999984741211,119.5999984741211,310540.0
2023-11-15,119.5999984741211,123.6500015258789,115.5,122.30000305175781,122.30000305175781,164596.0
2023-11-16,119.8499984741211,119.8499984741211,119.8499984741211,119.8499984741211,119.8499984741211,6697.0
2023-11-17,120.0,120.55000305175781,117.44999694824219,120.0,120.0,57292.0
2023-11-20,122.4000015258789,122.4000015258789,121.94999694824219,122.4000015258789,122.4000015258789,91589.0
2023-11-21,123.5,123.5999984741211,122.80000305175781,123.5,123.5,67318.0
2023-11-22,121.0999984741211,124.0,121.0999984741211,121.0999984741211,121.0999984741211,45439.0
2023-11-23,123.5,123.5,123.5,123.5,123.5,81542.0
2023-11-24,123.55000305175781,125.19999694824219,123.5,123.55000305175781,123.55000305175781,19865.0
2023-11-28,121.0999984741211,121.5,121.0999984741211,121.0999984741211,121.0999984741211,11873.0
2023-11-29,118.69999694824219,119.44999694824219,118.69999694824219,118.69999694824219,118.69999694824219,36155.0
2023-11-30,116.5,118.0,116.3499984741211,116.5,116.5,71205.0
2023-12-01,118.5,118.80000305175781,118.5,118.5,118.5,24432.0
2023-12-04,120.8499984741211,120.8499984741211,119.69999694824219,120.8499984741211,120.8499984741211,23319.0
2023-12-05,120.0,122.5999984741211,120.0,120.0,120.0,24729.0
2023-12-06,117.5999984741211,120.0,117.5999984741211,117.5999984741211,117.5999984741211,18026.0
2023-12-07,116.0,117.69999694824219,115.5,116.0,116.0,32538.0
2023-12-08,114.0,118.0,114.0,114.0,114.0,18852.0
2023-12-11,115.19999694824219,115.19999694824219,114.0,115.19999694824219,115.19999694824219,24582.0
2023-12-12,117.5,117.5,117.4000015258789,117.5,117.5,45873.0
2023-12-13,116.94999694824219,118.19999694824219,116.94999694824219,116.94999694824219,116.94999694824219,45140.0
2023-12-14,116.0,116.94999694824219,116.0,116.0,116.0,21002.0
2023-12-15,116.5999984741211,117.4000015258789,116.0999984741211,116.5999984741211,116.5999984741211,12293.0
2023-12-18,114.30000305175781,117.25,114.30000305175781,114.30000305175781,114.30000305175781,12996.0
2023-12-19,113.0,113.5,112.05000305175781,113.0,113.0,15459.0
2023-12-20,110.75,112.6500015258789,110.75,110.75,110.75,12249.0
2023-12-21,108.55000305175781,110.05000305175781,108.55000305175781,108.55000305175781,108.55000305175781,21150.0
2023-12-22,110.0999984741211,110.0999984741211,109.0,110.0999984741211,110.0999984741211,29355.0
2023-12-26,114.69999694824219,115.5999984741211,113.05000305175781,115.55000305175781,115.55000305175781,101452.0
2023-12-27,118.69999694824219,120.0,114.0,115.5,115.5,48557.0
2023-12-28,117.0,117.0,109.75,111.19999694824219,111.19999694824219,59933.0
2023-12-29,111.8499984741211,115.0,108.0,113.94999694824219,113.94999694824219,31358.0
2024-01-01,114.94999694824219,119.05000305175781,111.1500015258789,116.94999694824219,116.94999694824219,29286.0
2024-01-02,118.94999694824219,122.75,115.0,120.5,120.5,73152.0
2024-01-03,122.5,125.5,115.55000305175781,117.5,117.5,27797.0
2024-01-04,118.94999694824219,121.5,115.0,115.9000015258789,115.9000015258789,52446.0
2024-01-05,116.0,121.6500015258789,115.0,120.0,120.0,59161.0
2024-01-08,126.0,126.0,123.0,126.0,126.0,207584.0
2024-01-09,130.10000610351562,132.3000030517578,130.10000610351562,132.3000030517578,132.3000030517578,142163.0
2024-01-10,136.4499969482422,138.89999389648438,126.0,129.5500030517578,129.5500030517578,321854.0
2024-01-11,133.8000030517578,134.64999389648438,127.0,128.3000030517578,128.3000030517578,117789.0
2024-01-12,133.0,134.6999969482422,123.55000305175781,125.19999694824219,125.19999694824219,178955.0
2024-01-15,127.4000015258789,129.0,124.19999694824219,125.25,125.25,78963.0
2024-01-16,126.9000015258789,129.0,119.0,119.6500015258789,119.6500015258789,178052.0
2024-01-17,117.55000305175781,122.94999694824219,116.94999694824219,120.25,120.25,36410.0
2024-01-18,120.0,122.69999694824219,115.1500015258789,117.55000305175781,117.55000305175781,64736.0
2024-01-19,117.0,123.4000015258789,115.5,123.4000015258789,123.4000015258789,46959.0
2024-01-23,121.80000305175781,121.80000305175781,113.3499984741211,116.25,116.25,153331.0
2024-01-24,119.69999694824219,122.05000305175781,113.0,115.4000015258789,115.4000015258789,127859.0
2024-01-25,115.4000015258789,120.0,113.5,118.0,118.0,59651.0
2024-01-29,123.4000015258789,123.9000015258789,120.44999694824219,123.9000015258789,123.9000015258789,129520.0
2024-01-30,130.0500030517578,130.0500030517578,130.0500030517578,130.0500030517578,130.0500030517578,236051.0
2024-01-31,134.89999389648438,136.5500030517578,130.5,133.8000030517578,133.8000030517578,388319.0
2024-02-01,136.5,137.10000610351562,130.10000610351562,133.25,133.25,88563.0
2024-02-02,135.9499969482422,139.0,132.5,134.4499969482422,134.4499969482422,132105.0
2024-02-05,138.9499969482422,141.14999389648438,134.10000610351562,135.4499969482422,135.4499969482422,217705.0
2024-02-06,136.0,142.1999969482422,135.9499969482422,142.1999969482422,142.1999969482422,236041.0
2024-02-07,155.0,170.60000610351562,150.5500030517578,170.60000610351562,170.60000610351562,1953990.0
2024-02-08,170.0,170.0,155.0,165.10000610351562,165.10000610351562,487232.0
2024-02-09,165.1999969482422,194.0,152.25,176.64999389648438,176.64999389648438,1465464.0
2024-02-12,180.0,180.0,155.25,160.60000610351562,160.60000610351562,399277.0
2024-02-13,163.89999389648438,167.8000030517578,155.0,163.10000610351562,163.10000610351562,185880.0
2024-02-14,164.8000030517578,164.8000030517578,154.5500030517578,158.14999389648438,158.14999389648438,143510.0
2024-02-15,159.0,173.5,159.0,168.5,168.5,330299.0
2024-02-16,174.4499969482422,174.4499969482422,166.0,169.5500030517578,169.5500030517578,145411.0
2024-02-19,172.1999969482422,173.0,168.0,169.1999969482422,169.1999969482422,237353.0
2024-02-20,169.1999969482422,172.9499969482422,160.0,161.6999969482422,161.6999969482422,222063.0
2024-02-21,164.5,167.0,156.89999389648438,158.5500030517578,158.5500030517578,139527.0
2024-02-22,159.0,161.39999389648438,156.0,157.39999389648438,157.39999389648438,139533.0
2024-02-23,155.35000610351562,159.8000030517578,155.35000610351562,158.35000610351562,158.35000610351562,83691.0
2024-02-26,158.0,161.0,153.0500030517578,157.6999969482422,157.6999969482422,187078.0
2024-02-27,159.39999389648438,159.39999389648438,153.39999389648438,154.75,154.75,102687.0
2024-02-28,156.6999969482422,158.9499969482422,149.0500030517578,153.25,153.25,227144.0
2024-02-29,150.4499969482422,158.10000610351562,149.0,150.0,150.0,141834.0
2024-03-01,152.0500030517578,155.5,146.10000610351562,147.39999389648438,147.39999389648438,182591.0
2024-03-04,153.35000610351562,153.35000610351562,147.35000610351562,151.35000610351562,151.35000610351562,114805.0
2024-03-05,150.5500030517578,152.9499969482422,142.85000610351562,143.8000030517578,143.8000030517578,217794.0
2024-03-06,146.0,146.0,137.1999969482422,139.89999389648438,139.89999389648438,349866.0
2024-03-07,146.9499969482422,167.85000610351562,141.0500030517578,150.5,150.5,1042372.0
2024-03-11,157.0,157.0,142.0,144.8000030517578,144.8000030517578,186952.0
2024-03-12,145.60000610351562,145.60000610351562,131.5,136.89999389648438,136.89999389648438,394602.0
2024-03-13,137.8000030517578,143.5500030517578,124.8499984741211,127.80000305175781,127.80000305175781,337784.0
2024-03-14,125.0,134.6999969482422,124.80000305175781,131.5500030517578,131.5500030517578,168144.0
2024-03-15,134.1999969482422,135.4499969482422,129.35000610351562,132.60000610351562,132.60000610351562,69480.0
2024-03-18,134.9499969482422,137.3000030517578,130.0,131.0,131.0,82132.0
2024-03-19,130.0,136.89999389648438,130.0,131.5500030517578,131.5500030517578,79785.0
2024-03-20,133.9499969482422,135.8000030517578,129.8000030517578,132.89999389648438,132.89999389648438,102726.0
2024-03-21,133.10000610351562,153.25,133.10000610351562,146.0,146.0,331873.0
2024-03-22,147.0,155.0,144.10000610351562,145.85000610351562,145.85000610351562,241669.0
2024-03-26,148.9499969482422,152.0,138.0,143.4499969482422,143.4499969482422,215150.0
2024-03-27,149.6999969482422,149.6999969482422,137.0,138.3000030517578,138.3000030517578,245331.0
2024-03-28,149.0,157.8000030517578,143.14999389648438,150.0,150.0,387125.0
2024-04-01,154.5,159.35000610351562,149.0,151.60000610351562,151.60000610351562,277091.0
2024-04-02,154.5,157.8000030517578,144.9499969482422,147.60000610351562,147.60000610351562,272062.0
2024-04-03,146.60000610351562,154.89999389648438,146.0500030517578,152.89999389648438,152.89999389648438,195893.0
2024-04-04,157.5,157.5,149.0,152.3000030517578,152.3000030517578,160755.0
2024-04-05,161.0,165.35000610351562,154.5,157.1999969482422,157.1999969482422,526150.0
2024-04-08,160.85000610351562,163.64999389648438,151.4499969482422,152.6999969482422,152.6999969482422,231331.0
2024-04-09,155.0,155.89999389648438,149.0,149.6999969482422,149.6999969482422,136782.0
2024-04-10,150.89999389648438,156.0,147.75,148.75,148.75,228136.0
2024-04-12,148.0,151.6999969482422,143.0,145.10000610351562,145.10000610351562,195400.0
2024-04-15,132.0,144.0,132.0,141.1999969482422,141.1999969482422,166065.0
2024-04-16,137.0500030517578,146.0,137.0,144.8000030517578,144.8000030517578,72938.0
2024-04-18,146.5,148.89999389648438,144.25,145.60000610351562,145.60000610351562,97253.0
2024-04-19,144.6999969482422,154.9499969482422,138.75,151.35000610351562,151.35000610351562,234571.0
2024-04-22,154.8000030517578,161.39999389648438,150.8000030517578,159.64999389648438,159.64999389648438,275747.0
2024-04-23,160.89999389648438,160.89999389648438,154.9499969482422,155.5,155.5,173879.0
2024-04-24,156.64999389648438,156.64999389648438,151.6999969482422,154.25,154.25,176132.0
2024-04-25,154.25,155.39999389648438,149.6999969482422,151.14999389648438,151.14999389648438,122040.0
2024-04-26,152.10000610351562,161.4499969482422,152.10000610351562,158.3000030517578,158.3000030517578,363005.0
2024-04-29,161.0500030517578,164.6999969482422,156.25,157.25,157.25,259301.0
2024-04-30,157.8000030517578,162.5,155.0,155.75,155.75,158416.0
2024-05-02,156.0,159.85000610351562,155.0500030517578,157.6999969482422,157.6999969482422,118951.0
2024-05-03,158.75,160.75,152.1999969482422,154.10000610351562,154.10000610351562,112935.0
2024-05-06,155.0,158.8000030517578,151.3000030517578,154.3000030517578,154.3000030517578,125365.0
2024-05-07,154.85000610351562,155.85000610351562,147.5,149.6999969482422,149.6999969482422,71744.0
2024-05-08,149.6999969482422,152.89999389648438,145.0,148.3000030517578,148.3000030517578,139895.0
2024-05-09,148.3000030517578,150.85000610351562,144.10000610351562,147.64999389648438,147.64999389648438,89163.0
2024-05-10,149.0,149.0,144.10000610351562,145.4499969482422,145.4499969482422,57420.0
2024-05-13,144.0,151.4499969482422,144.0,148.5500030517578,148.5500030517578,76046.0
2024-05-14,150.0,150.10000610351562,145.0,148.14999389648438,148.14999389648438,61917.0
2024-05-15,149.0,154.5,145.10000610351562,152.4499969482422,152.4499969482422,121379.0
2024-05-16,153.89999389648438,158.0,151.85000610351562,155.85000610351562,155.85000610351562,153541.0
2024-05-17,155.89999389648438,169.14999389648438,155.89999389648438,167.35000610351562,167.35000610351562,815259.0
2024-05-21,174.0,178.9499969482422,146.0500030517578,158.14999389648438,158.14999389648438,1893856.0
2024-05-22,157.1999969482422,161.0,149.14999389648438,151.39999389648438,151.39999389648438,428933.0
2024-05-23,152.85000610351562,155.5,150.85000610351562,152.75,152.75,163726.0
2024-05-24,153.25,153.8000030517578,148.0,148.6999969482422,148.6999969482422,155248.0
2024-05-27,149.8000030517578,153.64999389648438,145.0500030517578,146.3000030517578,146.3000030517578,161726.0
2024-05-28,149.64999389648438,149.64999389648438,141.0,142.6999969482422,142.6999969482422,136961.0
2024-05-29,144.8000030517578,145.0,139.9499969482422,141.10000610351562,141.10000610351562,148280.0
2024-05-30,141.9499969482422,141.9499969482422,136.0,137.60000610351562,137.60000610351562,165396.0
2024-05-31,141.5500030517578,141.5500030517578,135.0,137.4499969482422,137.4499969482422,140591.0
2024-06-03,142.0500030517578,143.75,137.39999389648438,139.8000030517578,139.8000030517578,116444.0
2024-06-04,142.0,142.0,111.8499984741211,124.1500015258789,124.1500015258789,420454.0
2024-06-05,129.64999389648438,136.3000030517578,118.0,132.8000030517578,132.8000030517578,247100.0
2024-06-06,132.25,138.0,130.9499969482422,132.39999389648438,132.39999389648438,145510.0
2024-06-07,136.9499969482422,136.9499969482422,132.0500030517578,133.14999389648438,133.14999389648438,117600.0
2024-06-10,139.75,139.75,133.14999389648438,134.25,134.25,146531.0
2024-06-11,134.25,138.14999389648438,133.55999755859375,137.0800018310547,137.0800018310547,191422.0
2024-06-12,140.0,141.9499969482422,138.25,140.86000061035156,140.86000061035156,149455.0
2024-06-13,142.0,148.5,141.07000732421875,145.64999389648438,145.64999389648438,278934.0
2024-06-14,146.8000030517578,152.39999389648438,144.22000122070312,150.05999755859375,150.05999755859375,249873.0
2024-06-18,150.10000610351562,154.0,147.50999450683594,151.75,151.75,144052.0
2024-06-19,153.89999389648438,154.3000030517578,145.6699981689453,148.99000549316406,148.99000549316406,320759.0
2024-06-20,151.9499969482422,153.0,143.50999450683594,145.07000732421875,145.07000732421875,210540.0
2024-06-21,147.94000244140625,147.94000244140625,143.0,145.27000427246094,145.27000427246094,116632.0
2024-06-24,143.50999450683594,145.77999877929688,140.02000427246094,143.35000610351562,143.35000610351562,105279.0
2024-06-25,146.8000030517578,146.8000030517578,140.10000610351562,141.4499969482422,141.4499969482422,88185.0
2024-06-26,142.85000610351562,146.0,140.61000061035156,143.0500030517578,143.0500030517578,138620.0
2024-06-27,144.9499969482422,146.0,140.0,142.6300048828125,142.6300048828125,103786.0
2024-06-28,142.0,144.77999877929688,142.0,143.27999877929688,143.27999877929688,63617.0
2024-07-01,143.97999572753906,171.5,143.41000366210938,168.72000122070312,168.72000122070312,3088423.0
2024-07-02,166.41000366210938,171.14999389648438,162.0,166.99000549316406,166.99000549316406,1007410.0
2024-07-03,168.00999450683594,170.0,164.07000732421875,165.02000427246094,165.02000427246094,317197.0
2024-07-04,167.0500030517578,176.57000732421875,166.5,170.83999633789062,170.83999633789062,1199523.0
2024-07-05,172.0,173.2899932861328,168.5,168.89999389648438,168.89999389648438,350640.0
2024-07-08,168.89999389648438,172.89999389648438,166.0,166.8699951171875,166.8699951171875,297044.0
2024-07-09,167.49000549316406,168.88999938964844,161.14999389648438,163.10000610351562,163.10000610351562,186785.0
2024-07-10,164.9499969482422,166.89999389648438,156.74000549316406,163.10000610351562,163.10000610351562,230801.0
2024-07-11,163.39999389648438,168.00999450683594,163.3300018310547,167.6999969482422,167.6999969482422,174216.0
2024-07-12,167.6999969482422,175.0,166.3000030517578,167.7899932861328,167.7899932861328,340153.0
2024-07-15,170.0,185.66000366210938,167.1199951171875,181.5399932861328,181.5399932861328,1864338.0
2024-07-16,184.0,184.99000549316406,173.25,174.32000732421875,174.32000732421875,499564.0
2024-07-18,175.89999389648438,176.44000244140625,165.58999633789062,166.60000610351562,166.60000610351562,306564.0
2024-07-19,166.0500030517578,169.69000244140625,160.0,161.74000549316406,161.74000549316406,348573.0
2024-07-22,157.99000549316406,166.39999389648438,157.99000549316406,161.8000030517578,161.8000030517578,199663.0
2024-07-23,162.0,169.6999969482422,154.0,161.3800048828125,161.3800048828125,434624.0
2024-07-24,162.38999938964844,178.0,162.3800048828125,174.42999267578125,174.42999267578125,477723.0
2024-07-25,172.8000030517578,176.1999969482422,170.6999969482422,172.22999572753906,172.22999572753906,248382.0
2024-07-26,173.3800048828125,185.0,166.64999389648438,169.63999938964844,169.63999938964844,511197.0
2024-07-29,170.9499969482422,172.0,164.0,166.80999755859375,166.80999755859375,282292.0
2024-07-30,166.80999755859375,173.24000549316406,166.80999755859375,171.08999633789062,171.08999633789062,170575.0
2024-07-31,171.99000549316406,173.89999389648438,169.8800048828125,171.88999938964844,171.88999938964844,168500.0
2024-08-01,174.88999938964844,174.88999938964844,166.5,167.50999450683594,167.50999450683594,189820.0
2024-08-02,165.0,167.99000549316406,163.22999572753906,165.58999633789062,165.58999633789062,171552.0
2024-08-05,156.14999389648438,162.0399932861328,155.0,155.6999969482422,155.6999969482422,373967.0
2024-08-06,159.99000549316406,161.75,155.5,156.39999389648438,156.39999389648438,180472.0
2024-08-07,160.1999969482422,161.0,157.0500030517578,159.94000244140625,159.94000244140625,118061.0
2024-08-08,160.8000030517578,160.8000030517578,152.97999572753906,154.7100067138672,154.7100067138672,176823.0
2024-08-09,159.0,162.0,155.77000427246094,160.3800048828125,160.3800048828125,100080.0
2024-08-12,160.10000610351562,161.8800048828125,157.0500030517578,158.14999389648438,158.14999389648438,131599.0
2024-08-13,159.69000244140625,160.13999938964844,156.89999389648438,159.07000732421875,159.07000732421875,103238.0
2024-08-14,161.0,161.0,156.07000732421875,159.0500030517578,159.0500030517578,88762.0
2024-08-16,153.1999969482422,154.35000610351562,147.58999633789062,151.35000610351562,151.35000610351562,427867.0
2024-08-19,156.0,156.0,151.0,151.25999450683594,151.25999450683594,183525.0
2024-08-20,150.60000610351562,152.4499969482422,148.13999938964844,149.36000061035156,149.36000061035156,118935.0
2024-08-21,151.8000030517578,162.7899932861328,148.9600067138672,159.52000427246094,159.52000427246094,384718.0
2024-08-22,160.1999969482422,162.99000549316406,158.0,159.5800018310547,159.5800018310547,133894.0
2024-08-23,159.85000610351562,162.49000549316406,156.0,156.94000244140625,156.94000244140625,134260.0
2024-08-26,158.39999389648438,159.1199951171875,154.0,154.75,154.75,143803.0
2024-08-27,155.89999389648438,159.0,153.2100067138672,156.19000244140625,156.19000244140625,103850.0
2024-08-28,159.0,159.0,151.35000610351562,153.6699981689453,153.6699981689453,93201.0
2024-08-29,154.0,162.38999938964844,151.77000427246094,160.55999755859375,160.55999755859375,407309.0
2024-08-30,161.38999938964844,164.0,156.5,156.7899932861328,156.7899932861328,188511.0
2024-09-02,157.88999938964844,168.6999969482422,154.2899932861328,163.3699951171875,163.3699951171875,538038.0
2024-09-03,163.0,168.5,162.5399932861328,166.99000549316406,166.99000549316406,525631.0
2024-09-04,165.0,166.00999450683594,159.97000122070312,161.07000732421875,161.07000732421875,219167.0
2024-09-05,162.83999633789062,166.89999389648438,161.67999267578125,163.02999877929688,163.02999877929688,112393.0
2024-09-06,165.0500030517578,166.5,157.0,158.00999450683594,158.00999450683594,114846.0
2024-09-09,159.5,163.3300018310547,155.3000030517578,158.44000244140625,158.44000244140625,115701.0
2024-09-10,159.49000549316406,163.0,159.49000549316406,160.32000732421875,160.32000732421875,207709.0
2024-09-11,161.38999938964844,164.0,156.1199951171875,157.0500030517578,157.0500030517578,157821.0
2024-09-12,158.38999938964844,159.67999267578125,155.27999877929688,156.3300018310547,156.3300018310547,75909.0
2024-09-13,157.49000549316406,158.58999633789062,155.6999969482422,157.0399932861328,157.0399932861328,76367.0
2024-09-16,159.8000030517578,159.8000030517578,155.60000610351562,155.86000061035156,155.86000061035156,77450.0
2024-09-17,157.6999969482422,157.6999969482422,150.35000610351562,151.69000244140625,151.69000244140625,128631.0
2024-09-18,152.89999389648438,152.89999389648438,149.25,149.60000610351562,149.60000610351562,76863.0
2024-09-19,152.5,152.5,145.39999389648438,148.24000549316406,148.24000549316406,161109.0
2024-09-20,152.0,154.0,149.00999450683594,152.83999633789062,152.83999633789062,155218.0
2024-09-23,156.75,156.8000030517578,152.3300018310547,154.32000732421875,154.32000732421875,126119.0
2024-09-24,155.3000030517578,156.75,149.25,152.3800048828125,152.3800048828125,118951.0
2024-09-25,153.0,153.74000549316406,148.2100067138672,149.49000549316406,149.49000549316406,91144.0
2024-09-26,150.0,151.38999938964844,147.4499969482422,148.75,148.75,138140.0
2024-09-27,149.0,150.02999877929688,146.5,147.6999969482422,147.6999969482422,64940.0
2024-09-30,148.8000030517578,149.89999389648438,146.0,146.80999755859375,146.80999755859375,50707.0
2024-10-01,148.5,148.5,146.0,146.2899932861328,146.2899932861328,48608.0
2024-10-03,145.89999389648438,149.0,144.0,145.1999969482422,145.1999969482422,82666.0
2024-10-04,147.89999389648438,147.89999389648438,143.0,145.14999389648438,145.14999389648438,91031.0
2024-10-07,148.0,148.6999969482422,135.60000610351562,140.91000366210938,140.91000366210938,138610.0
2024-10-08,142.0,146.0,139.50999450683594,143.0,143.0,68164.0
2024-10-09,147.0,151.3000030517578,141.25,144.69000244140625,144.69000244140625,95388.0
2024-10-10,145.00999450683594,146.3699951171875,143.0,143.82000732421875,143.82000732421875,43156.0
2024-10-11,143.75999450683594,143.75999450683594,140.55999755859375,141.92999267578125,141.92999267578125,74962.0
2024-10-14,141.92999267578125,147.0,141.0,145.27000427246094,145.27000427246094,59871.0
2024-10-15,146.0399932861328,148.57000732421875,141.2100067138672,141.94000244140625,141.94000244140625,86866.0
2024-10-16,142.5,143.77999877929688,139.27999877929688,140.5399932861328,140.5399932861328,89612.0
2024-10-17,140.8000030517578,141.91000366210938,136.77999877929688,140.4199981689453,140.4199981689453,109728.0
2024-10-18,141.89999389648438,141.89999389648438,136.9499969482422,138.85000610351562,138.85000610351562,79248.0
2024-10-21,139.60000610351562,141.5500030517578,136.1999969482422,137.07000732421875,137.07000732421875,48948.0
2024-10-22,139.75,139.75,126.0999984741211,128.41000366210938,128.41000366210938,130090.0
2024-10-23,130.9499969482422,131.75999450683594,126.87000274658203,128.5800018310547,128.5800018310547,69720.0
2024-10-24,128.3699951171875,135.6999969482422,127.41000366210938,132.0800018310547,132.0800018310547,59931.0
2024-10-25,127.0,132.19000244140625,122.6500015258789,123.37999725341797,123.37999725341797,94294.0
2024-10-28,126.19999694824219,128.60000610351562,120.87999725341797,124.7300033569336,124.7300033569336,67941.0
2024-10-29,125.0,127.01000213623047,121.05000305175781,125.13999938964844,125.13999938964844,80893.0
2024-10-30,126.4000015258789,132.5,125.06999969482422,131.63999938964844,131.63999938964844,79623.0
2024-10-31,131.63999938964844,131.7899932861328,127.2300033569336,129.0800018310547,129.0800018310547,68244.0
2024-11-01,131.89999389648438,134.1999969482422,131.3300018310547,133.38999938964844,133.38999938964844,31708.0
2024-11-04,135.0,135.0,127.47000122070312,130.00999450683594,130.00999450683594,61522.0
2024-11-05,128.0,135.10000610351562,126.94000244140625,132.82000732421875,132.82000732421875,102374.0
2024-11-06,133.38999938964844,143.35000610351562,133.3800048828125,137.6300048828125,137.6300048828125,169705.0
2024-11-07,138.0,141.25,136.47000122070312,138.27999877929688,138.27999877929688,56224.0
2024-11-08,136.2100067138672,140.0,133.14999389648438,134.57000732421875,134.57000732421875,59871.0
2024-11-11,128.10000610351562,136.57000732421875,128.10000610351562,132.19000244140625,132.19000244140625,52391.0
2024-11-12,134.75,134.8800048828125,128.0,129.16000366210938,129.16000366210938,51113.0
2024-11-13,131.0,132.86000061035156,105.81999969482422,112.06999969482422,112.06999969482422,460707.0
2024-11-14,110.9000015258789,115.06999969482422,107.6500015258789,109.98999786376953,109.98999786376953,188192.0
2024-11-18,109.0,111.0199966430664,106.08000183105469,109.87000274658203,109.87000274658203,131961.0
2024-11-19,110.6500015258789,117.5,109.87999725341797,111.91999816894531,111.91999816894531,122067.0
2024-11-21,113.48999786376953,113.48999786376953,107.01000213623047,108.69000244140625,108.69000244140625,58003.0
2024-11-22,110.0,114.68000030517578,107.02999877929688,111.97000122070312,111.97000122070312,63178.0
2024-11-25,113.6500015258789,115.9000015258789,109.41000366210938,110.7699966430664,110.7699966430664,90904.0
2024-11-26,112.44999694824219,122.1500015258789,110.7699966430664,119.13999938964844,119.13999938964844,122422.0
2024-11-27,119.13999938964844,125.58000183105469,117.61000061035156,124.69000244140625,124.69000244140625,210159.0
2024-11-28,127.0,139.60000610351562,123.7699966430664,131.92999267578125,131.92999267578125,471928.0
2024-11-29,131.5,133.4499969482422,127.41000366210938,129.1699981689453,129.1699981689453,60852.0
2024-12-02,129.1699981689453,133.17999267578125,128.38999938964844,130.10000610351562,130.10000610351562,60005.0
2024-12-03,130.10000610351562,132.99000549316406,127.41999816894531,129.00999450683594,129.00999450683594,55265.0
2024-12-04,127.25,136.60000610351562,126.1500015258789,126.91000366210938,126.91000366210938,127296.0
2024-12-05,128.19000244140625,129.88999938964844,124.1500015258789,127.12000274658203,127.12000274658203,93530.0
2024-12-06,127.30000305175781,127.66999816894531,124.62000274658203,125.52999877929688,125.52999877929688,79190.0
2024-12-09,124.30000305175781,127.94000244140625,122.54000091552734,123.51000213623047,123.51000213623047,92952.0
2024-12-10,123.19999694824219,127.94000244140625,123.19000244140625,124.87000274658203,124.87000274658203,129176.0
2024-12-11,125.9000015258789,127.9800033569336,122.45999908447266,124.19000244140625,124.19000244140625,103784.0
2024-12-12,124.56999969482422,125.66999816894531,121.1500015258789,121.69999694824219,121.69999694824219,37143.0
2024-12-13,122.0,129.85000610351562,118.5199966430664,124.77999877929688,124.77999877929688,189571.0
2024-12-16,124.80000305175781,127.80000305175781,120.80999755859375,121.7300033569336,121.7300033569336,62982.0
2024-12-17,122.3499984741211,123.88999938964844,120.05999755859375,121.0199966430664,121.0199966430664,71908.0
2024-12-18,121.58999633789062,122.94999694824219,119.5,120.12999725341797,120.12999725341797,78820.0
2024-12-19,120.12999725341797,120.88999938964844,117.16000366210938,118.56999969482422,118.56999969482422,89678.0
2024-12-20,119.19999694824219,120.5,118.0,118.72000122070312,118.72000122070312,62980.0
2024-12-23,120.5,121.48999786376953,116.01000213623047,116.54000091552734,116.54000091552734,56802.0
2024-12-24,116.44000244140625,117.0,114.16999816894531,115.72000122070312,115.72000122070312,60382.0
2024-12-26,115.72000122070312,119.94999694824219,113.19999694824219,114.5,114.5,63851.0
2024-12-27,110.6500015258789,116.48999786376953,110.6500015258789,114.47000122070312,114.47000122070312,55532.0
2024-12-30,114.01000213623047,116.25,112.98999786376953,114.16999816894531,114.16999816894531,41025.0
2024-12-31,114.58999633789062,121.5,113.05000305175781,117.08999633789062,117.08999633789062,236169.0
2025-01-01,118.0,123.01000213623047,116.1500015258789,117.16000366210938,117.16000366210938,81114.0
2025-01-02,118.79000091552734,119.5999984741211,117.16999816894531,118.05999755859375,118.05999755859375,34167.0
2025-01-03,118.6500015258789,118.94999694824219,112.5999984741211,114.30000305175781,114.30000305175781,120550.0
2025-01-06,116.5999984741211,116.5999984741211,108.5199966430664,109.51000213623047,109.51000213623047,91232.0
2025-01-07,109.51000213623047,111.9000015258789,108.3499984741211,110.26000213623047,110.26000213623047,46019.0
2025-01-08,111.9000015258789,111.9000015258789,105.0,109.0,109.0,135985.0
2025-01-09,110.6500015258789,110.6500015258789,106.54000091552734,107.7300033569336,107.7300033569336,39649.0
2025-01-10,107.5199966430664,107.5199966430664,102.76000213623047,104.58999633789062,104.58999633789062,125312.0
2025-01-13,103.5999984741211,109.0,102.62000274658203,104.86000061035156,104.86000061035156,65042.0
2025-01-14,105.0,113.08999633789062,104.98999786376953,107.37000274658203,107.37000274658203,180506.0
2025-01-15,107.01000213623047,111.08999633789062,107.01000213623047,108.27999877929688,108.27999877929688,79715.0
2025-01-16,108.69999694824219,110.94999694824219,106.56999969482422,107.08000183105469,107.08000183105469,48869.0
2025-01-17,107.6500015258789,110.0,106.5,108.33999633789062,108.33999633789062,37109.0
2025-01-20,107.70999908447266,108.41000366210938,105.05000305175781,107.18000030517578,107.18000030517578,59594.0
2025-01-21,107.47000122070312,110.0,105.30000305175781,106.38999938964844,106.38999938964844,37073.0
2025-01-22,105.4000015258789,107.30000305175781,102.2699966430664,103.30999755859375,103.30999755859375,40521.0
2025-01-23,103.79000091552734,107.48999786376953,103.51000213623047,107.04000091552734,107.04000091552734,65135.0
2025-01-24,106.25,107.37999725341797,101.80000305175781,104.77999877929688,104.77999877929688,30829.0
2025-01-27,103.19999694824219,104.76000213623047,99.12000274658203,99.5999984741211,99.5999984741211,70741.0
2025-01-28,101.0199966430664,101.08999633789062,91.19999694824219,96.8499984741211,96.8499984741211,135285.0
2025-01-29,95.30999755859375,100.25,95.30999755859375,99.68000030517578,99.68000030517578,66654.0
2025-01-30,101.9000015258789,103.30000305175781,100.23999786376953,102.23999786376953,102.23999786376953,78171.0
2025-01-31,105.4000015258789,105.4000015258789,99.72000122070312,101.73999786376953,101.73999786376953,70505.0
2025-02-01,101.58999633789062,101.94999694824219,98.12000274658203,99.86000061035156,99.86000061035156,25368.0
2025-02-03,97.6500015258789,100.0,96.91000366210938,98.94999694824219,98.94999694824219,36113.0
2025-02-04,100.0,102.25,99.5,100.06999969482422,100.06999969482422,62635.0
2025-02-05,100.79000091552734,101.66999816894531,98.98999786376953,99.8499984741211,99.8499984741211,73181.0
2025-02-06,101.19999694824219,101.8499984741211,98.27999877929688,98.86000061035156,98.86000061035156,46981.0
2025-02-07,98.86000061035156,99.18000030517578,97.63999938964844,98.19999694824219,98.19999694824219,25082.0
2025-02-10,98.0,98.51000213623047,96.0,97.11000061035156,97.11000061035156,24641.0
2025-02-11,97.11000061035156,97.13999938964844,89.1500015258789,90.13999938964844,90.13999938964844,138751.0
2025-02-12,88.80000305175781,90.48999786376953,83.55000305175781,88.7300033569336,88.7300033569336,105631.0
2025-02-13,85.05999755859375,85.05999755859375,79.6500015258789,81.51000213623047,81.51000213623047,224692.0
2025-02-14,81.51000213623047,87.0,75.0,83.75,83.75,214796.0
2025-02-17,78.0,80.77999877929688,67.0,73.30000305175781,73.30000305175781,826621.0
2025-02-18,74.0999984741211,76.9000015258789,67.97000122070312,70.80999755859375,70.80999755859375,171116.0
2025-02-19,70.77999877929688,82.80000305175781,70.0199966430664,81.29000091552734,81.29000091552734,169932.0
2025-02-20,83.0,85.3499984741211,82.0,82.56999969482422,82.56999969482422,70431.0
2025-02-21,84.0,84.0,79.01000213623047,81.02999877929688,81.02999877929688,59233.0
2025-02-24,78.0999984741211,81.02999877929688,76.97000122070312,78.19999694824219,78.19999694824219,96641.0
2025-02-25,78.0199966430664,82.11000061035156,76.55000305175781,79.95999908447266,79.95999908447266,65128.0
2025-02-27,79.95999908447266,81.0,78.0,79.05999755859375,79.05999755859375,36579.0
2025-02-28,79.0,79.0,75.0999984741211,75.83000183105469,75.83000183105469,32770.0
2025-03-03,78.9000015258789,78.9000015258789,72.02999877929688,72.30999755859375,72.30999755859375,84754.0
2025-03-04,72.30000305175781,74.75,69.25,73.43000030517578,73.43000030517578,90447.0
2025-03-05,72.8499984741211,74.75,71.0,73.1500015258789,73.1500015258789,113051.0
2025-03-06,75.0,76.80000305175781,73.19999694824219,76.61000061035156,76.61000061035156,76507.0
2025-03-07,76.5999984741211,80.44000244140625,76.5999984741211,80.44000244140625,80.44000244140625,37391.0
2025-03-10,84.45999908447266,84.45999908447266,80.0,81.0199966430664,81.0199966430664,121378.0
2025-03-11,78.01000213623047,83.0,77.0999984741211,81.38999938964844,81.38999938964844,62317.0
2025-03-12,82.5,82.5,78.4000015258789,79.11000061035156,79.11000061035156,74510.0
2025-03-13,79.11000061035156,80.98999786376953,75.1500015258789,75.45999908447266,75.45999908447266,159182.0
2025-03-17,76.4000015258789,79.22000122070312,71.68000030517578,72.91000366210938,72.91000366210938,149556.0
2025-03-18,72.91000366210938,72.91000366210938,72.91000366210938,72.91000366210938,72.91000366210938,0.0
2025-03-19,71.70999908447266,74.62999725341797,71.5,74.62999725341797,74.62999725341797,119938.0
2025-03-20,76.98999786376953,78.36000061035156,75.75,77.9000015258789,77.9000015258789,64743.0
2025-03-21,78.0,80.58999633789062,77.0,79.29000091552734,79.29000091552734,74980.0
2025-03-24,79.26000213623047,82.0,79.0,80.36000061035156,80.36000061035156,77519.0
2025-03-25,80.36000061035156,81.5,76.33999633789062,76.4000015258789,76.4000015258789,79613.0
2025-03-26,77.98999786376953,77.98999786376953,72.58000183105469,72.58999633789062,72.58999633789062,127321.0
2025-03-27,72.58000183105469,73.0,68.95999908447266,69.37999725341797,69.37999725341797,114132.0
2025-03-28,69.19999694824219,72.83999633789062,67.0,70.33000183105469,70.33000183105469,124092.0
2025-04-01,71.93000030517578,73.73999786376953,68.0,72.80999755859375,72.80999755859375,28228.0
2025-04-02,73.98999786376953,75.98999786376953,72.0,72.97000122070312,72.97000122070312,21816.0
2025-04-03,73.69000244140625,75.69999694824219,73.0,75.08999633789062,75.08999633789062,15479.0
2025-04-04,75.08999633789062,75.08999633789062,71.83000183105469,71.95999908447266,71.95999908447266,27818.0
2025-04-07,68.36000061035156,68.5,68.36000061035156,68.36000061035156,68.36000061035156,34597.0
2025-04-08,66.16000366210938,71.37999725341797,66.16000366210938,69.36000061035156,69.36000061035156,18891.0
2025-04-09,69.36000061035156,69.36000061035156,65.88999938964844,66.23999786376953,66.23999786376953,48101.0
2025-04-11,66.30000305175781,68.0,66.30000305175781,67.51000213623047,67.51000213623047,36515.0
2025-04-15,67.94999694824219,70.87999725341797,67.94999694824219,70.83000183105469,70.83000183105469,47888.0
2025-04-16,71.80000305175781,72.0,69.0999984741211,70.2699966430664,70.2699966430664,27771.0
2025-04-17,71.5,72.98999786376953,69.0,70.13999938964844,70.13999938964844,99203.0
2025-04-21,70.9000015258789,72.13999938964844,69.55999755859375,70.58999633789062,70.58999633789062,71472.0
2025-04-22,72.30000305175781,72.30000305175781,69.30000305175781,69.87999725341797,69.87999725341797,113607.0
2025-04-23,70.5,70.5,66.37999725341797,67.73999786376953,67.73999786376953,159543.0
2025-04-24,67.38999938964844,68.8499984741211,65.6500015258789,67.94999694824219,67.94999694824219,76397.0
2025-04-25,69.0,70.80000305175781,64.55000305175781,64.77999877929688,64.77999877929688,88159.0
2025-04-28,63.54999923706055,68.01000213623047,63.2400016784668,68.01000213623047,68.01000213623047,33325.0
2025-04-29,70.5,71.41000366210938,67.5,71.41000366210938,71.41000366210938,88925.0
2025-04-30,71.55000305175781,74.4000015258789,70.0,70.47000122070312,70.47000122070312,85151.0
2025-05-02,70.47000122070312,71.0,68.19999694824219,70.0,70.0,17649.0
2025-05-05,69.95999908447266,69.98999786376953,67.3499984741211,69.25,69.25,16292.0
2025-05-06,68.51000213623047,69.98999786376953,66.0,66.48999786376953,66.48999786376953,49832.0
2025-05-07,66.0999984741211,69.0,65.0999984741211,68.41999816894531,68.41999816894531,29370.0
2025-05-08,68.4000015258789,69.19000244140625,66.69999694824219,66.79000091552734,66.79000091552734,6002.0
2025-05-09,63.61000061035156,66.75,63.45000076293945,65.0,65.0,25951.0
2025-05-12,66.1500015258789,68.25,65.0,67.66000366210938,67.66000366210938,45021.0
2025-05-13,67.66000366210938,67.98999786376953,66.01000213623047,66.8499984741211,66.8499984741211,12822.0
2025-05-14,67.0,68.8499984741211,66.5,68.0999984741211,68.0999984741211,56675.0
2025-05-15,70.80000305175781,71.5,67.9000015258789,71.45999908447266,71.45999908447266,48524.0
2025-05-16,72.0,74.75,71.0,74.22000122070312,74.22000122070312,33188.0
2025-05-19,75.48999786376953,77.93000030517578,74.11000061035156,77.93000030517578,77.93000030517578,74361.0
2025-05-20,80.0,81.3499984741211,78.0,79.72000122070312,79.72000122070312,115346.0
2025-05-21,78.12000274658203,78.12000274658203,78.12000274658203,78.12000274658203,78.12000274658203,5078.0
2025-05-22,76.55000305175781,76.55000305175781,76.55000305175781,76.55000305175781,76.55000305175781,5357.0
2025-05-23,75.01000213623047,75.01000213623047,75.01000213623047,75.01000213623047,75.01000213623047,5941.0
2025-05-26,73.5,73.5,73.5,73.5,73.5,19821.0
2025-05-27,73.0,73.44999694824219,72.75,73.0,73.0,13086.0
2025-05-28,71.54000091552734,71.54000091552734,71.54000091552734,71.54000091552734,71.54000091552734,12892.0
2025-05-29,70.0999984741211,70.0999984741211,70.0999984741211,70.0999984741211,70.0999984741211,15137.0
2025-05-30,68.69000244140625,68.69000244140625,68.69000244140625,68.69000244140625,68.69000244140625,19758.0
2025-06-02,70.05999755859375,70.05999755859375,69.0,70.05999755859375,70.05999755859375,62976.0
2025-06-03,71.45999908447266,71.45999908447266,70.05999755859375,71.45999908447266,71.45999908447266,19955.0
2025-06-04,72.87999725341797,72.87999725341797,72.0,72.87999725341797,72.87999725341797,33742.0
2025-06-05,74.33000183105469,74.33000183105469,74.33000183105469,74.33000183105469,74.33000183105469,11337.0
2025-06-06,75.80999755859375,75.80999755859375,75.80999755859375,75.80999755859375,75.80999755859375,23444.0
2025-06-09,74.29000091552734,77.31999969482422,74.29000091552734,74.29000091552734,74.29000091552734,70162.0
2025-06-10,75.7699966430664,75.7699966430664,72.80000305175781,75.7699966430664,75.7699966430664,67766.0
2025-06-11,77.27999877929688,77.27999877929688,77.27999877929688,77.27999877929688,77.27999877929688,62947.0
2025-06-12,78.4000015258789,78.69000244140625,78.38999938964844,78.4000015258789,78.4000015258789,32694.0
2025-06-13,77.05000305175781,77.05000305175781,76.83000183105469,77.05000305175781,77.05000305175781,12548.0
2025-06-16,78.58999633789062,78.58999633789062,77.0,78.58999633789062,78.58999633789062,41576.0
2025-06-17,78.5,80.16000366210938,78.5,78.5,78.5,72804.0
2025-06-18,80.06999969482422,80.06999969482422,78.88999938964844,80.06999969482422,80.06999969482422,62663.0
2025-06-19,81.66999816894531,81.66999816894531,81.51000213623047,81.66999816894531,81.66999816894531,27296.0
2025-06-20,83.30000305175781,83.30000305175781,82.69999694824219,83.30000305175781,83.30000305175781,23549.0
2025-06-23,84.95999908447266,84.95999908447266,83.30000305175781,84.95999908447266,84.95999908447266,35074.0
2025-06-24,86.6500015258789,86.6500015258789,86.0,86.6500015258789,86.6500015258789,33165.0
2025-06-25,88.37999725341797,88.37999725341797,88.37999725341797,88.37999725341797,88.37999725341797,12977.0
2025-06-26,90.13999938964844,90.13999938964844,90.13999938964844,90.13999938964844,90.13999938964844,4868.0
2025-06-27,91.94000244140625,91.94000244140625,91.94000244140625,91.94000244140625,91.94000244140625,5189.0
2025-06-30,93.7699966430664,93.7699966430664,93.7699966430664,93.7699966430664,93.7699966430664,11822.0
2025-07-01,95.63999938964844,95.63999938964844,95.63999938964844,95.63999938964844,95.63999938964844,1679.0
2025-07-02,97.55000305175781,97.55000305175781,97.55000305175781,97.55000305175781,97.55000305175781,4706.0
2025-07-03,99.5,99.5,99.5,99.5,99.5,87251.0
2025-07-04,97.51000213623047,101.48999786376953,97.51000213623047,97.51000213623047,97.51000213623047,87523.0
2025-07-07,95.55000305175781,97.0,95.55000305175781,95.55000305175781,95.55000305175781,15615.0
2025-07-08,93.62999725341797,93.6500015258789,93.62999725341797,93.62999725341797,93.62999725341797,6328.0
2025-07-09,95.5,95.5,92.01000213623047,95.5,95.5,27496.0
2025-07-10,95.0,96.0,93.58999633789062,95.0,95.0,25193.0
2025-07-11,93.0999984741211,93.0999984741211,93.0999984741211,93.0999984741211,93.0999984741211,37254.0
2025-07-14,93.0999984741211,93.0999984741211,91.2300033569336,93.0999984741211,93.0999984741211,16353.0
2025-07-15,91.48999786376953,92.9000015258789,91.2300033569336,91.48999786376953,91.48999786376953,17564.0
2025-07-16,91.98999786376953,91.98999786376953,89.66000366210938,91.98999786376953,91.98999786376953,7351.0
2025-07-17,92.06999969482422,93.55000305175781,92.06999969482422,92.06999969482422,92.06999969482422,11021.0
2025-07-18,91.30000305175781,92.0,91.0,91.30000305175781,91.30000305175781,22684.0
2025-07-21,90.5,90.98999786376953,90.0,90.5,90.5,17056.0
2025-07-22,90.44999694824219,90.5,88.69999694824219,90.44999694824219,90.44999694824219,31906.0
2025-07-23,90.55000305175781,90.55000305175781,90.44999694824219,90.55000305175781,90.55000305175781,20583.0
2025-07-24,90.0,90.5999984741211,90.0,90.0,90.0,25401.0
2025-07-25,88.19999694824219,91.80000305175781,88.19999694824219,88.19999694824219,88.19999694824219,44767.0
2025-07-28,92.5,92.61000061035156,86.5,87.51000213623047,87.51000213623047,24009.0
2025-07-29,88.5,89.0,87.5999984741211,88.1500015258789,88.1500015258789,20385.0
2025-07-30,87.70999908447266,88.0,85.0,87.5199966430664,87.5199966430664,17138.0
2025-07-31,88.0,88.0,83.13999938964844,83.13999938964844,83.13999938964844,69919.0
2025-08-01,80.0,83.0,78.9800033569336,79.73999786376953,79.73999786376953,41262.0
2025-08-04,79.80000305175781,83.72000122070312,79.02999877929688,81.20999908447266,81.20999908447266,29011.0
2025-08-05,78.25,82.9800033569336,77.13999938964844,79.83999633789062,79.83999633789062,35326.0
2025-08-06,78.0,79.4000015258789,77.4000015258789,78.44999694824219,78.44999694824219,22878.0
2025-08-07,76.01000213623047,78.91999816894531,74.5199966430664,75.62000274658203,75.62000274658203,36536.0
2025-08-08,73.01000213623047,79.0,72.0,76.30999755859375,76.30999755859375,97265.0
2025-08-11,73.94999694824219,76.0,62.599998474121094,71.88999938964844,71.88999938964844,354317.0
2025-08-12,74.0,86.26000213623047,73.47000122070312,86.26000213623047,86.26000213623047,286623.0
2025-08-13,92.5,98.9000015258789,89.0999984741211,90.23999786376953,90.23999786376953,1189710.0
2025-08-14,90.29000091552734,90.79000091552734,84.41000366210938,85.44999694824219,85.44999694824219,70032.0
2025-08-18,89.5,89.5,81.19999694824219,83.62999725341797,83.62999725341797,76148.0
2025-08-19,83.98999786376953,83.98999786376953,79.0999984741211,79.75,79.75,70490.0
2025-08-20,80.0,90.4000015258789,79.98999786376953,83.98999786376953,83.98999786376953,245775.0
2025-08-21,85.0,88.30000305175781,82.52999877929688,82.75,82.75,43436.0
2025-08-22,84.0,84.69999694824219,76.80000305175781,78.47000122070312,78.47000122070312,122883.0
2025-08-25,80.0,80.41000366210938,74.12000274658203,74.73999786376953,74.73999786376953,294616.0
2025-08-26,76.0,82.5,75.22000122070312,76.2300033569336,76.2300033569336,212612.0
2025-08-28,77.6500015258789,79.26000213623047,76.16000366210938,76.41999816894531,76.41999816894531,42333.0
2025-08-29,77.0,77.69999694824219,75.98999786376953,76.7699966430664,76.7699966430664,35715.0
2025-09-01,75.30000305175781,80.41000366210938,75.30000305175781,76.91000366210938,76.91000366210938,88432.0
2025-09-02,76.05000305175781,78.23999786376953,76.05000305175781,76.9800033569336,76.9800033569336,24685.0
2025-09-03,75.8499984741211,78.25,75.8499984741211,76.0,76.0,29317.0
2025-09-04,76.05000305175781,77.51000213623047,74.5,75.12000274658203,75.12000274658203,137316.0
2025-09-05,75.4000015258789,77.0,74.5199966430664,75.08999633789062,75.08999633789062,24823.0
2025-09-08,76.4000015258789,76.4000015258789,74.25,74.4800033569336,74.4800033569336,23514.0
2025-09-09,76.0,76.98999786376953,74.25,74.88999938964844,74.88999938964844,51771.0
2025-09-10,75.0999984741211,77.98999786376953,74.62000274658203,76.55000305175781,76.55000305175781,270444.0
2025-09-11,75.0,77.5,74.0999984741211,74.9800033569336,74.9800033569336,251154.0
2025-09-12,75.98999786376953,75.98999786376953,74.11000061035156,74.94999694824219,74.94999694824219,108876.0
2025-09-15,75.5,77.30000305175781,74.27999877929688,76.58999633789062,76.58999633789062,60370.0
2025-09-16,77.75,77.75,74.97000122070312,75.45999908447266,75.45999908447266,30350.0
2025-09-17,75.5,78.2300033569336,75.5,76.08999633789062,76.08999633789062,84108.0
2025-09-18,76.05999755859375,77.0,74.1500015258789,74.56999969482422,74.56999969482422,60401.0
2025-09-19,75.37999725341797,75.69000244140625,74.4000015258789,74.93000030517578,74.93000030517578,34435.0
2025-09-22,74.5,77.69999694824219,74.0,76.73999786376953,76.73999786376953,131395.0
2025-09-23,77.58999633789062,78.9000015258789,75.63999938964844,77.51000213623047,77.51000213623047,66897.0
2025-09-24,77.48999786376953,77.8499984741211,74.72000122070312,75.23999786376953,75.23999786376953,68129.0
2025-09-25,76.0,77.0,75.05000305175781,75.33000183105469,75.33000183105469,45329.0
2025-09-26,76.83999633789062,76.83999633789062,74.11000061035156,74.44999694824219,74.44999694824219,49795.0
2025-09-29,74.44999694824219,76.80000305175781,74.20999908447266,75.69999694824219,75.69999694824219,46816.0
2025-09-30,76.25,76.25,74.19999694824219,74.83000183105469,74.83000183105469,68893.0
2025-10-01,73.5,77.0,73.5,75.13999938964844,75.13999938964844,42691.0
2025-10-03,72.44999694824219,76.98999786376953,71.76000213623047,75.56999969482422,75.56999969482422,44292.0
2025-10-06,74.0999984741211,76.8499984741211,74.0999984741211,75.44000244140625,75.44000244140625,32836.0
2025-10-07,75.06999969482422,76.19000244140625,74.26000213623047,74.77999877929688,74.77999877929688,32696.0
2025-10-08,74.70999908447266,76.0999984741211,73.5,74.20999908447266,74.20999908447266,35626.0
2025-10-09,74.25,75.87000274658203,72.20999908447266,72.73999786376953,72.73999786376953,40529.0
2025-10-10,72.62999725341797,74.08999633789062,72.44999694824219,73.45999908447266,73.45999908447266,31560.0
2025-10-13,71.0999984741211,73.0,71.0999984741211,71.9800033569336,71.9800033569336,20970.0
2025-10-14,73.0,84.5,72.01000213623047,78.75,78.75,361437.0
2025-10-15,79.5,81.5,78.0,80.79000091552734,80.79000091552734,119224.0
2025-10-16,81.80000305175781,82.80000305175781,78.11000061035156,78.66000366210938,78.66000366210938,39012.0
2025-10-17,76.66000366210938,81.0,76.25,80.04000091552734,80.04000091552734,54157.0
2025-10-20,78.0199966430664,82.79000091552734,78.0,78.62000274658203,78.62000274658203,22986.0
2025-10-21,80.0,84.5,76.31999969482422,81.6500015258789,81.6500015258789,71697.0
2025-10-23,83.0,84.0,79.4000015258789,80.0,80.0,75119.0
2025-10-24,81.44999694824219,83.5999984741211,80.05999755859375,81.47000122070312,81.47000122070312,85401.0
2025-10-27,80.6500015258789,86.55999755859375,79.1500015258789,82.16000366210938,82.16000366210938,227263.0
2025-10-28,82.19999694824219,92.0,82.0,82.56999969482422,82.56999969482422,915448.0
2025-10-29,82.5,86.0,82.01000213623047,82.56999969482422,82.56999969482422,267434.0
2025-10-30,83.3499984741211,83.3499984741211,81.0999984741211,81.87999725341797,81.87999725341797,82984.0
2025-10-31,81.12999725341797,83.56999969482422,79.87000274658203,80.55999755859375,80.55999755859375,118496.0
2025-11-03,80.55999755859375,83.18000030517578,80.25,80.9000015258789,80.9000015258789,29332.0
2025-11-04,80.0999984741211,82.0,79.5199966430664,81.47000122070312,81.47000122070312,39656.0
2025-11-06,81.75,82.0,77.5,81.05999755859375,81.05999755859375,157254.0
2025-11-07,80.08000183105469,80.98999786376953,77.0,79.76000213623047,79.76000213623047,49581.0
2025-11-10,79.76000213623047,80.94000244140625,78.11000061035156,78.66999816894531,78.66999816894531,25124.0
2025-11-11,79.47000122070312,79.98999786376953,78.19999694824219,79.5,79.5,21568.0
2025-11-12,79.94999694824219,84.80000305175781,78.20999908447266,82.4800033569336,82.4800033569336,67568.0
2025-11-13,84.93000030517578,91.47000122070312,81.80999755859375,85.80000305175781,85.80000305175781,329786.0
2025-11-14,87.5,88.12999725341797,83.5999984741211,85.06999969482422,85.06999969482422,64469.0
2025-11-17,84.0999984741211,84.5,80.98999786376953,81.36000061035156,81.36000061035156,121986.0
2025-11-18,81.36000061035156,82.2300033569336,78.1500015258789,79.5,79.5,101732.0
2025-11-19,81.48999786376953,81.48999786376953,78.0999984741211,80.30000305175781,80.30000305175781,103883.0
2025-11-20,80.1500015258789,81.19999694824219,77.1500015258789,77.79000091552734,77.79000091552734,49084.0
2025-11-21,78.30000305175781,79.36000061035156,75.70999908447266,78.38999938964844,78.38999938964844,97738.0
2025-11-24,78.0,80.0,77.51000213623047,78.83000183105469,78.83000183105469,23731.0
2025-11-25,79.80000305175781,80.38999938964844,77.5,78.0199966430664,78.0199966430664,35917.0
2025-11-26,79.31999969482422,79.4000015258789,78.05000305175781,78.44000244140625,78.44000244140625,22052.0
2025-11-27,79.80000305175781,79.80000305175781,76.51000213623047,77.37000274658203,77.37000274658203,39989.0
2025-11-28,78.7699966430664,78.80999755859375,76.16000366210938,76.4800033569336,76.4800033569336,57301.0
2025-12-01,76.44999694824219,79.0,76.30000305175781,77.30000305175781,77.30000305175781,38190.0
2025-12-02,76.7699966430664,78.22000122070312,75.5,76.11000061035156,76.11000061035156,48151.0
2025-12-03,76.0,79.0,75.5999984741211,77.4800033569336,77.4800033569336,40159.0
2025-12-04,77.6500015258789,80.4000015258789,75.25,75.93000030517578,75.93000030517578,77285.0
2025-12-05,76.5999984741211,76.98999786376953,75.22000122070312,76.81999969482422,76.81999969482422,12791.0
2025-12-08,74.4000015258789,76.66000366210938,74.4000015258789,75.61000061035156,75.61000061035156,42380.0
2025-12-09,76.23999786376953,76.9800033569336,74.5,76.08999633789062,76.08999633789062,31026.0
2025-12-10,76.0199966430664,76.48999786376953,74.80000305175781,75.43000030517578,75.43000030517578,19604.0
2025-12-11,76.5,84.0,75.0,81.94000244140625,81.94000244140625,404324.0
2025-12-12,81.94000244140625,85.0,81.94000244140625,83.66999816894531,83.66999816894531,58552.0
2025-12-15,84.06999969482422,84.30000305175781,80.30999755859375,83.27999877929688,83.27999877929688,187952.0
2025-12-16,83.19000244140625,86.52999877929688,82.98999786376953,83.16000366210938,83.16000366210938,129599.0
2025-12-17,83.0,90.0,82.5,87.55999755859375,87.55999755859375,278285.0
2025-12-18,88.26000213623047,88.26000213623047,85.37000274658203,87.66000366210938,87.66000366210938,159857.0
2025-12-19,87.98999786376953,89.83000183105469,86.0,88.02999877929688,88.02999877929688,157896.0
2025-12-22,87.97000122070312,91.0,86.81999969482422,90.08000183105469,90.08000183105469,190212.0
2025-12-23,92.5,95.0,89.5,92.62000274658203,92.62000274658203,265977.0
2025-12-24,93.36000061035156,93.36000061035156,87.76000213623047,90.08999633789062,90.08999633789062,151433.0
2025-12-26,89.80000305175781,92.0999984741211,88.0,91.68000030517578,91.68000030517578,152937.0
2025-12-29,90.0999984741211,92.8499984741211,87.62000274658203,92.08000183105469,92.08000183105469,206783.0
2025-12-30,92.08000183105469,92.08000183105469,84.26000213623047,86.55000305175781,86.55000305175781,72862.0
2025-12-31,87.0,90.51000213623047,84.55999755859375,88.94999694824219,88.94999694824219,238977.0
2026-01-01,88.48999786376953,90.9000015258789,86.70999908447266,90.36000061035156,90.36000061035156,197655.0
2026-01-02,92.5,93.3499984741211,89.70999908447266,92.52999877929688,92.52999877929688,179852.0
2026-01-05,93.0999984741211,93.76000213623047,89.5,90.1500015258789,90.1500015258789,173371.0
2026-01-06,90.87000274658203,90.87000274658203,88.0199966430664,89.5,89.5,135845.0
2026-01-07,89.98999786376953,93.80000305175781,88.9000015258789,92.6500015258789,92.6500015258789,194746.0
2026-01-08,93.0,93.0,87.83000183105469,89.69000244140625,89.69000244140625,208536.0
2026-01-09,89.69000244140625,89.69000244140625,86.0,86.76000213623047,86.76000213623047,161675.0
2026-01-12,87.19999694824219,88.7699966430664,82.22000122070312,84.33999633789062,84.33999633789062,181722.0
2026-01-13,85.19999694824219,88.19999694824219,83.11000061035156,85.45999908447266,85.45999908447266,203295.0
2026-01-14,85.5999984741211,86.7300033569336,83.06999969482422,83.80000305175781,83.80000305175781,132241.0
2026-01-16,83.94999694824219,84.44000244140625,81.79000091552734,82.38999938964844,82.38999938964844,115340.0
2026-01-19,82.69999694824219,83.08000183105469,80.69999694824219,81.9800033569336,81.9800033569336,143207.0
2026-01-20,81.05000305175781,82.0999984741211,78.0,78.83000183105469,78.83000183105469,135385.0
2026-01-21,78.0199966430664,79.7300033569336,75.0,77.38999938964844,77.38999938964844,166485.0
2026-01-22,77.9800033569336,79.0199966430664,76.7300033569336,78.11000061035156,78.11000061035156,103132.0
2026-01-23,78.43000030517578,81.0,76.72000122070312,77.9000015258789,77.9000015258789,164586.0
2026-01-27,77.19999694824219,78.13999938964844,75.3499984741211,76.58000183105469,76.58000183105469,124129.0
2026-01-28,81.80000305175781,82.62000274658203,77.41000366210938,78.38999938964844,78.38999938964844,111199.0
2026-01-29,78.54000091552734,78.79000091552734,76.01000213623047,76.77999877929688,76.77999877929688,113175.0
2026-01-30,77.16999816894531,77.98999786376953,76.0,77.5999984741211,77.5999984741211,101230.0
2026-02-02,76.88999938964844,77.44999694824219,74.7300033569336,77.22000122070312,77.22000122070312,117870.0
2026-02-03,79.0,80.98999786376953,77.5199966430664,79.45999908447266,79.45999908447266,127583.0
2026-02-04,79.0,80.8499984741211,78.2699966430664,80.5999984741211,80.5999984741211,102573.0
2026-02-05,80.94000244140625,80.94000244140625,79.0999984741211,80.0999984741211,80.0999984741211,112876.0
2026-02-06,80.11000061035156,81.12999725341797,78.05999755859375,78.38999938964844,78.38999938964844,85842.0
2026-02-09,80.6500015258789,81.22000122070312,78.77999877929688,80.72000122070312,80.72000122070312,335027.0
2026-02-10,81.0,81.88999938964844,77.55999755859375,78.75,78.75,120229.0
2026-02-11,78.44000244140625,79.51000213623047,76.01000213623047,76.56999969482422,76.56999969482422,144651.0
2026-02-12,76.56999969482422,76.9000015258789,75.30999755859375,75.70999908447266,75.70999908447266,108980.0
2026-02-13,75.70999908447266,75.98999786376953,73.0999984741211,75.41999816894531,75.41999816894531,151162.0
2026-02-16,74.5999984741211,74.86000061035156,71.93000030517578,73.66000366210938,73.66000366210938,128818.0
2026-02-17,74.05999755859375,76.98999786376953,71.02999877929688,76.12000274658203,76.12000274658203,120079.0
2026-02-18,75.7300033569336,75.7300033569336,73.30999755859375,74.26000213623047,74.26000213623047,107184.0
2026-02-19,74.81999969482422,75.0999984741211,73.30000305175781,73.62000274658203,73.62000274658203,31269.0
2026-02-20,73.98999786376953,76.25,73.1500015258789,74.47000122070312,74.47000122070312,92555.0
2026-02-23,75.98999786376953,77.19999694824219,71.26000213623047,72.4800033569336,72.4800033569336,155231.0
2026-02-24,70.5,72.48999786376953,69.98999786376953,72.2300033569336,72.2300033569336,158529.0
2026-02-25,72.98999786376953,72.98999786376953,70.5,70.7699966430664,70.7699966430664,125302.0
2026-02-26,70.98999786376953,71.75,68.91999816894531,70.2699966430664,70.2699966430664,214496.0
2026-02-27,71.0,76.4000015258789,70.04000091552734,70.5,70.5,279132.0
2026-03-02,67.88999938964844,69.98999786376953,67.88999938964844,68.69999694824219,68.69999694824219,146490.0
2026-03-04,67.6500015258789,69.25,67.3499984741211,68.91000366210938,68.91000366210938,116288.0
2026-03-05,69.95999908447266,72.98999786376953,66.75,69.36000061035156,69.36000061035156,261798.0
2026-03-06,69.4000015258789,71.9000015258789,68.66000366210938,70.68000030517578,70.68000030517578,168771.0
2026-03-09,69.88999938964844,70.08999633789062,68.69999694824219,69.6500015258789,69.6500015258789,96676.0
2026-03-10,70.0,72.16000366210938,68.13999938964844,68.58999633789062,68.58999633789062,165834.0
2026-03-11,68.25,70.1500015258789,67.37000274658203,67.76000213623047,67.76000213623047,157768.0
2026-03-12,67.88999938964844,69.0199966430664,66.19999694824219,66.9000015258789,66.9000015258789,221239.0
2026-03-13,66.72000122070312,67.63999938964844,63.25,63.689998626708984,63.689998626708984,129087.0
2026-03-16,64.98999786376953,64.98999786376953,59.25,61.33000183105469,61.33000183105469,144506.0
2026-03-17,60.400001525878906,70.8499984741211,60.400001525878906,68.11000061035156,68.11000061035156,567774.0
2026-03-18,67.0,71.98999786376953,66.20999908447266,69.13999938964844,69.13999938964844,102344.0
2026-03-19,68.0999984741211,69.75,65.80000305175781,68.93000030517578,68.93000030517578,67293.0
2026-03-20,69.94999694824219,71.0,69.0,69.26000213623047,69.26000213623047,62579.0
2026-03-23,69.0,70.0,65.51000213623047,68.68000030517578,68.68000030517578,114121.0
2026-03-24,69.0,73.5,67.0,67.88999938964844,67.88999938964844,56476.0
2026-03-25,67.54000091552734,71.83000183105469,67.54000091552734,71.2300033569336,71.2300033569336,103870.0
2026-03-27,70.30000305175781,70.9800033569336,64.04000091552734,64.80000305175781,64.80000305175781,347546.0
2026-03-30,66.8499984741211,66.8499984741211,62.0099983215332,63.68000030517578,63.68000030517578,83178.0
2026-04-01,66.48999786376953,69.44000244140625,65.30999755859375,68.37999725341797,68.37999725341797,60718.0
2026-04-02,67.69000244140625,73.55000305175781,67.69000244140625,72.19999694824219,72.19999694824219,120210.0
2026-04-06,72.0,81.98999786376953,71.11000061035156,79.97000122070312,79.97000122070312,318190.0
2026-04-07,79.94000244140625,80.5,75.5,76.11000061035156,76.11000061035156,95092.0
2026-04-08,78.5,79.47000122070312,75.80000305175781,76.08999633789062,76.08999633789062,93177.0
2026-04-09,75.5,76.87000274658203,74.0,74.87999725341797,74.87999725341797,22070.0
2026-04-10,76.20999908447266,77.01000213623047,74.93000030517578,75.66999816894531,75.66999816894531,38855.0
2026-04-13,75.66999816894531,75.66999816894531,72.1500015258789,74.5999984741211,74.5999984741211,40874.0
2026-04-15,75.0,77.43000030517578,74.6500015258789,75.33999633789062,75.33999633789062,80193.0
2026-04-16,77.0,77.0,74.4000015258789,74.5999984741211,74.5999984741211,47730.0
2026-04-17,74.5999984741211,75.80000305175781,74.0,74.33999633789062,74.33999633789062,61111.0
2026-04-20,75.9000015258789,75.9000015258789,73.19999694824219,73.81999969482422,73.81999969482422,52080.0
2026-04-21,74.02999877929688,74.38999938964844,72.1500015258789,73.25,73.25,40743.0
2026-04-22,73.38999938964844,74.47000122070312,71.9000015258789,72.48999786376953,72.48999786376953,53725.0
2026-04-23,72.48999786376953,72.98999786376953,71.16000366210938,71.56999969482422,71.56999969482422,60791.0
2026-04-24,72.88999938964844,72.88999938964844,68.20999908447266,69.87999725341797,69.87999725341797,41671.0
2026-04-27,69.9000015258789,72.80000305175781,69.61000061035156,72.52999877929688,72.52999877929688,59980.0
2026-04-28,74.0,78.0,72.5,74.62999725341797,74.62999725341797,102096.0
2026-04-29,75.05000305175781,75.05000305175781,71.9000015258789,72.30999755859375,72.30999755859375,36499.0
2026-04-30,72.7699966430664,73.0,71.44000244140625,72.0,72.0,26163.0
2026-05-04,72.0,74.0,72.0,73.22000122070312,73.22000122070312,17665.0
2026-05-05,72.7699966430664,74.01000213623047,72.0,73.9000015258789,73.9000015258789,15599.0
2026-05-06,73.9000015258789,73.9000015258789,72.0,72.51000213623047,72.51000213623047,34991.0
2026-05-07,73.0,74.9800033569336,72.0,72.55999755859375,72.55999755859375,25679.0
2026-05-08,74.0,75.0,71.19999694824219,72.0,72.0,52484.0
2026-05-11,73.9000015258789,73.9000015258789,70.06999969482422,71.22000122070312,71.22000122070312,25212.0
2026-05-12,72.0,72.05000305175781,68.16000366210938,69.66999816894531,69.66999816894531,18191.0
2026-05-13,70.91000366210938,71.01000213623047,69.0,69.52999877929688,69.52999877929688,17898.0
2026-05-14,72.0,73.5,65.55999755859375,70.22000122070312,70.22000122070312,34558.0
2026-05-15,71.98999786376953,73.0,68.0,69.02999877929688,69.02999877929688,37479.0
2026-05-18,70.0,70.0,66.0,66.91999816894531,66.91999816894531,28293.0
2026-05-19,69.69999694824219,69.98999786376953,67.7300033569336,69.08999633789062,69.08999633789062,35428.0
2026-05-20,69.9000015258789,69.9000015258789,67.75,68.62999725341797,68.62999725341797,14181.0
2026-05-21,70.0,70.0,66.5,67.02999877929688,67.02999877929688,92417.0
2026-05-22,66.61000061035156,67.75,66.38999938964844,66.58999633789062,66.58999633789062,59369.0
2026-05-25,67.98999786376953,69.0,66.94999694824219,67.31999969482422,67.31999969482422,40798.0
2026-05-26,67.0,70.27999877929688,66.0,69.16000366210938,69.16000366210938,91844.0
2026-05-27,69.16000366210938,70.98999786376953,68.0999984741211,69.88999938964844,69.88999938964844,65140.0
2026-05-28,69.88999938964844,69.88999938964844,69.88999938964844,69.88999938964844,69.88999938964844,0.0
2026-05-29,71.0,71.0,68.01000213623047,69.51000213623047,69.51000213623047,39651.0
2026-06-01,68.0,70.0,67.1500015258789,67.72000122070312,67.72000122070312,33329.0
2026-06-02,67.4000015258789,69.0,67.37000274658203,68.02999877929688,68.02999877929688,19706.0
2026-06-03,70.0,70.0,67.75,68.58999633789062,68.58999633789062,18489.0
2026-06-04,69.95999908447266,70.48999786376953,68.5,68.97000122070312,68.97000122070312,17257.0
2026-06-05,70.87000274658203,70.87000274658203,67.1500015258789,68.1500015258789,68.1500015258789,23420.0
2026-06-08,67.80000305175781,70.0,67.01000213623047,69.26000213623047,69.26000213623047,19677.0
2026-06-09,70.0,71.19999694824219,68.05000305175781,68.30999755859375,68.30999755859375,18394.0
2026-06-10,69.88999938964844,71.98999786376953,68.25,71.11000061035156,71.11000061035156,39499.0
2026-06-11,70.72000122070312,70.75,68.51000213623047,69.05000305175781,69.05000305175781,10638.0
2026-06-12,69.80000305175781,70.36000061035156,68.70999908447266,69.80000305175781,69.80000305175781,22582.0
2026-06-15,72.0,72.0,68.0,68.79000091552734,68.79000091552734,32844.0
2026-06-16,69.9800033569336,69.9800033569336,68.19999694824219,69.01000213623047,69.01000213623047,28267.0
2026-06-17,69.04000091552734,69.44000244140625,65.61000061035156,67.2300033569336,67.2300033569336,112667.0
2026-06-18,67.2300033569336,68.0,66.5999984741211,67.22000122070312,67.22000122070312,10409.0
2026-06-19,67.27999877929688,67.76000213623047,66.5,66.79000091552734,66.79000091552734,43339.0
2026-06-22,67.12000274658203,69.0199966430664,66.45999908447266,68.5999984741211,68.5999984741211,38590.0
2026-06-23,68.5,68.5,66.87999725341797,67.62999725341797,67.62999725341797,16250.0
2026-06-24,67.62999725341797,69.0,65.25,67.55999755859375,67.55999755859375,54790.0
2026-06-25,69.0,69.0,67.12999725341797,67.41000366210938,67.41000366210938,46836.0
2026-06-26,67.41000366210938,67.41000366210938,67.41000366210938,67.41000366210938,67.41000366210938,0.0
2026-06-29,67.9000015258789,67.9000015258789,66.0,66.37000274658203,66.37000274658203,15566.0
2026-06-30,66.08999633789062,67.69000244140625,66.05999755859375,66.29000091552734,66.29000091552734,10053.0
2026-07-01,67.9000015258789,67.9000015258789,66.41000366210938,67.08999633789062,67.08999633789062,9012.0
2026-07-02,67.66000366210938,67.66000366210938,65.75,66.16999816894531,66.16999816894531,33856.0
2026-07-03,66.16999816894531,67.69000244140625,66.0,66.19999694824219,66.19999694824219,32166.0
2026-07-06,66.19999694824219,66.19999694824219,62.720001220703125,64.47000122070312,64.47000122070312,46205.0
2026-07-07,65.5,65.9800033569336,63.61000061035156,64.12000274658203,64.12000274658203,32182.0
2026-07-08,64.12000274658203,64.55000305175781,62.09000015258789,62.61000061035156,62.61000061035156,15065.0
2026-07-09,63.0,64.0,59.29999923706055,63.68000030517578,63.68000030517578,75403.0
2026-07-10,64.0,66.80000305175781,62.72999954223633,66.06999969482422,66.06999969482422,73931.0
2026-07-13,66.0,67.19999694824219,63.20000076293945,65.66999816894531,65.66999816894531,60889.0
2026-07-14,66.0,66.31999969482422,62.25,63.849998474121094,63.849998474121094,54871.0
2026-07-15,63.880001068115234,64.18000030517578,62.61000061035156,63.099998474121094,63.099998474121094,9189.0
2026-07-16,63.81999969482422,63.84000015258789,60.5,61.65999984741211,61.65999984741211,111072.0
2026-07-17,62.0099983215332,62.88999938964844,61.02000045776367,62.439998626708984,62.439998626708984,17403.0
2026-07-20,62.72999954223633,64.3499984741211,61.099998474121094,61.84000015258789,61.84000015258789,57206.0
2026-07-21,60.060001373291016,62.93000030517578,60.060001373291016,61.029998779296875,61.029998779296875,29045.0
2026-07-22,61.20000076293945,62.900001525878906,60.310001373291016,60.93000030517578,60.93000030517578,39051.0
2026-07-23,61.029998779296875,63.79999923706055,59.900001525878906,61.400001525878906,61.400001525878906,87188.0
2026-07-24,61.400001525878906,63.290000915527344,60.099998474121094,62.310001373291016,62.310001373291016,86023.0
2026-07-27,62.33000183105469,65.88999938964844,61.4900016784668,62.400001525878906,62.400001525878906,121079.0
2026-07-28,62.400001525878906,65.5,61.599998474121094,62.68000030517578,62.68000030517578,216006.0
2026-07-29,62.95000076293945,63.900001525878906,60.25,61.20000076293945,61.20000076293945,164402.0
2026-07-30,61.20000076293945,62.380001068115234,60.0,60.22999954223633,60.22999954223633,36464.0
2026-07-31,61.4900016784668,61.4900016784668,60.06999969482422,60.900001525878906,60.900001525878906,27195.0
2026-08-03,60.689998626708984,61.34000015258789,60.209999084472656,60.5099983215332,60.5099983215332,23812.0
2026-08-04,60.52000045776367,61.0,59.79999923706055,60.0099983215332,60.0099983215332,26752.0
2026-08-05,61.0,61.0,60.060001373291016,60.45000076293945,60.45000076293945,22683.0
2026-08-06,61.400001525878906,61.400001525878906,60.0,60.06999969482422,60.06999969482422,47673.0
2026-08-07,60.099998474121094,61.09000015258789,59.650001525878906,59.91999816894531,59.91999816894531,41415.0
2026-08-10,60.599998474121094,60.599998474121094,59.279998779296875,60.47999954223633,60.47999954223633,20348.0
2026-08-11,59.869998931884766,60.599998474121094,56.16999816894531,56.93000030517578,56.93000030517578,97017.0
2026-08-12,56.93000030517578,59.900001525878906,53.79999923706055,58.9900016784668,58.9900016784668,103443.0
2026-08-13,59.70000076293945,59.709999084472656,56.25,57.779998779296875,57.779998779296875,81353.0
2026-08-14,58.279998779296875,61.849998474121094,57.91999816894531,59.650001525878906,59.650001525878906,161661.0
2026-08-17,57.91999816894531,63.95000076293945,57.91999816894531,60.83000183105469,60.83000183105469,134865.0
2026-08-18,60.849998474121094,61.11000061035156,58.20000076293945,60.18000030517578,60.18000030517578,52928.0
2026-08-19,59.5,61.9900016784668,59.0,60.11000061035156,60.11000061035156,53412.0
2026-08-20,60.5,61.0,59.0,60.470001220703125,60.470001220703125,89458.0
2026-08-21,59.72999954223633,61.93000030517578,59.61000061035156,61.02000045776367,61.02000045776367,56815.0
2026-08-24,60.54999923706055,62.29999923706055,60.52000045776367,61.849998474121094,61.849998474121094,55418.0
2026-08-25,62.209999084472656,62.209999084472656,60.209999084472656,60.81999969482422,60.81999969482422,45664.0
2026-08-26,60.81999969482422,61.9900016784668,59.52000045776367,60.7400016784668,60.7400016784668,70404.0
2026-08-27,61.20000076293945,61.20000076293945,59.900001525878906,60.20000076293945,60.20000076293945,18658.0
2026-08-28,61.15999984741211,62.9900016784668,59.27000045776367,61.86000061035156,61.86000061035156,117829.0
2026-08-31,59.5,62.4900016784668,59.5,61.470001220703125,61.470001220703125,11175.0
2026-09-01,61.29999923706055,61.650001525878906,60.0,60.97999954223633,60.97999954223633,11186.0
2026-09-02,61.900001525878906,61.900001525878906,59.5,61.040000915527344,61.040000915527344,15759.0
2026-09-03,60.16999816894531,61.75,58.599998474121094,59.439998626708984,59.439998626708984,40208.0
2026-09-04,59.650001525878906,61.459999084472656,58.77000045776367,60.369998931884766,60.369998931884766,64372.0
2026-09-08,60.97999954223633,61.31999969482422,59.04999923706055,59.75,59.75,54961.0
2026-09-09,61.689998626708984,62.0,58.90999984741211,59.11000061035156,59.11000061035156,57431.0
2026-09-10,60.470001220703125,60.470001220703125,57.61000061035156,58.83000183105469,58.83000183105469,29567.0
2026-09-11,61.97999954223633,63.79999923706055,58.220001220703125,61.91999816894531,61.91999816894531,146840.0
2026-09-15,60.20000076293945,62.5,59.0,59.91999816894531,59.91999816894531,72062.0
